Confirmed,Deaths,Recovered
1,0,0
14,0,0
6,0,0
1,0,0
0,0,0
26,0,0
2,0,0
1,0,0
4,0,0
1,0,0
0,0,0
5,0,0
0,0,0
444,17,28
4,0,0
0,0,0
1,0,0
2,0,0
0,0,0
2,0,0
1,0,0
1,0,0
0,0,0
0,0,0
2,0,0
9,0,0
1,0,0
5,0,0
1,0,0
4,0,0
0,0,0
1,0,0
0,0,0
1,0,0
10,0,0
2,0,0
2,0,0
1,0,0
9,0,0
22,0,0
9,0,0
5,0,0
2,0,0
32,0,2
5,0,0
3,0,0
5,0,0
1,1,0
2,0,0
5,0,0
2,0,0
444,17,28
9,0,0
0,0,0
5,0,0
7,0,0
1,0,0
3,0,0
2,0,0
1,0,0
0,0,0
3,0,0
6,0,0
16,0,0
1,0,0
8,0,0
1,0,0
4,0,0
0,0,0
1,0,0
2,0,0
2,0,0
27,0,0
1,0,0
3,0,0
1,0,0
1,0,0
0,0,0
0,0,0
2,0,0
0,0,0
0,0,0
0,0,0
0,0,0
549,24,31
53,0,2
43,0,1
36,0,1
27,0,0
24,0,0
23,0,0
20,0,1
18,0,0
15,0,0
15,0,0
15,0,0
10,0,0
9,0,0
9,0,0
8,0,0
8,0,0
5,0,0
5,0,0
4,1,0
4,0,0
3,0,0
3,0,0
3,0,0
2,0,0
2,0,0
2,0,0
2,1,0
2,0,0
2,0,0
1,0,0
1,0,0
0,0,0
1,0,0
1,0,0
2,0,0
5,0,0
2,0,0
3,0,0
2,0,0
2,0,0
761,40,32
78,0,2
62,0,1
57,0,0
43,0,0
41,0,2
39,0,0
33,0,1
32,0,0
28,0,0
27,0,0
23,0,0
19,0,0
18,0,0
18,0,0
18,0,1
17,0,0
15,0,0
11,0,0
10,0,0
9,1,0
8,1,0
7,0,0
6,0,0
5,0,0
4,0,0
4,0,0
4,0,0
3,0,0
3,0,0
3,0,0
2,0,0
1,0,0
1,0,0
1,0,0
2,0,0
7,0,0
2,0,0
3,0,0
2,0,0
3,0,0
4,0,0
1,0,0
3,0,0
1058,52,42
111,0,2
104,0,1
83,1,0
75,0,0
69,0,0
68,0,2
60,0,0
46,0,0
44,0,0
40,1,1
36,0,0
36,0,0
35,0,0
33,0,1
22,0,0
22,0,0
21,0,0
16,0,0
15,1,0
14,0,0
13,1,0
9,0,0
8,0,0
7,0,0
7,0,0
5,0,0
5,0,0
4,0,0
4,0,0
4,0,0
4,0,0
1,0,0
1,0,0
1,0,0
2,0,0
1,0,0
4,0,1
8,0,2
3,0,0
4,0,0
2,0,0
3,0,0
4,0,0
1,0,0
4,0,0
1,0,0
1423,76,45
151,0,4
128,0,1
128,1,0
110,0,0
100,0,0
80,1,2
75,0,0
72,0,2
70,0,0
69,0,0
59,0,0
53,1,3
47,0,1
46,0,0
35,0,0
33,1,0
27,0,0
26,0,0
23,0,0
21,1,0
18,1,0
14,0,0
13,0,0
11,0,0
8,0,0
7,0,0
7,0,0
6,0,0
6,0,0
6,0,0
5,0,0
5,0,0
1,0,0
1,0,0
2,0,0
1,0,0
4,0,1
8,0,2
4,0,0
5,0,0
2,0,0
3,0,0
1,0,0
4,0,0
1,0,0
1,0,0
1,0,0
1,0,0
4,0,0
1,0,0
3554,125,80
207,0,4
173,0,3
168,1,0
143,0,0
132,0,0
109,0,3
106,0,0
95,0,0
91,1,4
90,0,0
80,0,0
70,0,1
66,1,4
51,0,2
46,0,0
44,0,0
40,1,0
34,0,0
33,1,0
33,1,0
27,0,0
24,0,0
19,0,0
15,0,0
11,0,0
10,0,0
9,0,0
8,0,0
8,0,0
8,0,0
7,0,0
6,0,0
1,0,0
1,0,0
2,0,0
1,0,0
7,0,1
14,0,5
4,0,0
7,0,0
2,0,0
4,0,0
1,0,0
4,0,0
1,0,0
1,0,0
1,0,0
1,0,0
4,0,0
1,0,0
4,0,0
3554,125,88
296,0,3
277,0,5
221,0,0
206,2,1
152,0,2
147,0,1
130,0,1
111,1,4
109,0,3
108,1,1
99,0,1
96,1,5
84,0,0
58,0,2
56,0,0
55,0,0
48,1,0
43,1,0
39,0,1
38,1,0
27,0,0
27,0,1
24,0,0
16,0,0
13,0,0
12,0,0
10,0,0
9,0,1
9,0,0
8,0,0
7,0,0
6,0,0
1,0,0
1,0,0
2,0,0
1,0,0
7,0,1
14,0,5
4,0,0
7,0,0
2,0,0
5,0,0
1,0,0
7,0,0
1,0,0
1,0,0
1,0,0
1,0,0
4,0,0
1,0,0
4,0,0
1,0,0
4,0,0
4903,162,90
428,0,4
354,0,10
278,2,2
277,0,2
200,0,2
182,0,1
162,0,5
158,0,1
142,1,1
129,0,1
114,1,4
112,1,5
101,0,0
78,0,2
70,0,0
65,1,0
63,0,0
46,1,1
44,2,0
41,0,1
35,0,1
31,0,0
26,0,0
19,0,0
17,0,0
14,0,1
14,0,0
12,0,1
10,0,0
9,0,0
8,0,0
7,0,0
1,0,0
1,0,0
1,0,0
2,0,0
1,0,0
11,0,1
14,0,5
4,0,0
10,0,0
2,0,0
5,0,0
1,0,0
8,0,0
2,0,0
1,0,0
1,0,0
1,0,0
4,0,2
2,0,0
3,0,0
4,0,0
1,0,0
4,0,0
1,0,0
1,0,0
5806,204,141
538,0,14
436,0,11
352,2,3
332,0,2
240,0,7
237,0,3
211,0,1
184,0,2
177,1,1
168,0,5
139,1,5
135,1,9
120,0,0
87,0,2
87,0,0
83,0,1
82,1,0
59,2,0
52,1,1
48,0,1
39,0,1
32,0,0
29,0,2
29,0,0
21,0,0
20,0,1
17,0,0
14,0,1
12,0,0
10,0,0
8,0,0
7,0,0
1,0,0
19,0,5
15,0,1
13,0,0
11,0,0
8,0,0
5,0,0
5,0,0
4,0,2
4,0,0
3,0,0
2,0,0
2,0,0
2,0,0
2,0,0
2,0,0
2,0,0
2,0,0
2,0,0
1,0,0
1,0,0
1,0,0
1,0,0
1,0,0
1,0,0
1,0,0
1,0,0
1,0,0
1,0,0
7153,249,168
599,0,21
535,0,14
422,2,3
389,0,8
297,0,5
286,0,9
247,1,3
207,1,3
206,0,3
202,0,6
169,1,10
168,1,9
144,0,0
101,0,0
100,0,2
96,1,0
93,0,2
80,2,2
64,0,1
62,1,1
47,0,1
41,0,0
40,0,0
29,0,2
26,0,0
23,0,1
20,0,1
19,0,5
18,0,0
17,0,1
16,0,0
13,0,0
12,0,0
10,0,0
9,0,0
8,0,0
8,0,0
7,0,0
6,0,0
6,0,1
4,0,2
4,0,0
4,0,0
3,0,0
3,0,0
2,0,0
2,0,0
2,0,0
2,0,0
1,0,0
1,0,0
1,0,0
1,0,0
1,0,0
1,0,0
1,0,0
1,0,0
1,0,0
1,0,0
1,0,0
1,0,0
1,0,0
1,0,0
1,0,0
1,0,0
1,0,0
11177,350,295
661,0,32
632,0,15
493,2,10
463,0,16
340,0,7
333,0,12
300,2,7
236,0,7
231,1,11
230,0,6
191,1,9
182,1,10
159,0,0
116,0,0
111,0,2
105,0,3
104,1,3
95,2,2
70,0,1
66,0,3
64,1,4
51,0,3
48,0,1
38,0,2
28,0,0
27,0,1
23,0,1
21,0,0
20,0,1
19,0,5
18,0,0
15,0,0
15,0,0
11,0,0
10,0,0
10,0,0
8,0,0
8,0,0
6,0,0
6,0,1
5,0,0
4,0,2
4,0,0
3,0,0
2,0,0
2,0,0
2,0,0
2,0,0
2,1,0
2,0,0
2,0,0
2,0,0
1,0,0
1,0,0
1,0,0
1,0,0
1,0,0
1,0,0
1,0,0
1,0,0
1,0,0
1,0,0
1,0,0
1,0,0
1,0,0
1,0,0
13522,414,386
725,0,21
724,0,43
566,2,16
521,0,22
408,0,14
391,0,18
337,2,9
271,0,8
259,0,7
254,1,14
212,1,12
203,1,10
179,0,1
128,0,0
127,0,7
121,2,2
117,0,5
113,1,3
74,0,1
74,0,2
72,1,4
60,0,1
55,0,3
46,0,2
34,0,1
31,0,1
31,0,1
24,0,0
20,0,1
19,0,5
18,0,0
15,0,0
15,0,0
13,0,0
12,0,0
10,0,0
8,0,0
8,0,0
8,0,1
6,0,0
5,0,0
4,0,2
4,0,0
3,0,0
3,0,0
2,0,0
2,0,0
2,0,0
2,1,0
2,0,0
2,0,0
2,0,0
2,0,0
2,0,0
1,0,0
1,0,0
1,0,0
1,0,0
1,0,0
1,0,0
1,0,0
1,0,0
1,0,0
1,0,0
1,0,0
1,0,0
1,0,0
16678,479,522
829,0,62
813,0,30
675,2,27
593,0,31
480,0,20
476,0,20
366,2,9
308,0,12
282,1,14
275,0,11
228,1,23
219,1,12
194,0,3
155,2,4
142,0,2
139,0,10
126,1,4
122,0,5
81,0,2
81,0,4
80,1,5
67,0,2
58,0,2
57,0,4
42,0,1
35,0,1
34,0,1
29,0,0
25,0,5
24,0,0
22,0,1
17,1,0
16,0,0
15,0,0
12,0,0
11,0,0
10,0,0
10,0,0
8,0,1
6,0,0
5,0,0
4,0,2
4,0,0
3,0,0
3,0,0
2,0,0
2,0,0
2,0,0
2,1,0
2,0,0
2,0,0
2,0,0
2,0,0
2,0,0
1,0,0
1,0,0
1,0,0
1,0,0
1,0,0
1,0,0
1,0,0
1,0,0
1,0,0
1,0,0
1,0,0
1,0,0
1,0,0
1,0,0
1,0,0
19665,549,633
895,0,49
895,0,78
764,2,47
661,0,54
548,0,27
530,0,23
389,2,15
341,0,23
307,0,15
301,1,24
253,1,24
243,1,15
205,0,11
190,2,7
165,0,6
150,0,13
135,1,6
128,0,5
99,1,5
89,0,4
81,0,5
69,1,2
64,1,9
62,0,6
54,0,2
42,0,3
34,0,1
32,0,0
28,0,0
25,0,5
22,0,1
21,1,0
19,0,0
17,0,3
12,0,0
12,0,0
11,0,0
10,0,0
8,0,1
6,0,0
5,0,0
4,0,2
4,0,0
3,0,0
3,0,0
2,0,0
2,0,0
2,0,0
2,0,0
2,1,0
2,0,0
2,0,0
2,0,0
2,0,0
2,0,0
1,0,0
1,0,0
1,0,0
1,0,0
1,0,0
1,0,0
1,0,0
1,0,0
1,0,0
1,0,0
1,0,0
1,0,0
1,0,0
1,0,0
1,0,0
22112,618,817
970,0,69
954,0,94
851,2,56
711,0,81
600,0,37
591,0,34
411,2,24
373,0,34
347,0,27
321,1,31
274,1,31
257,1,25
227,3,8
215,0,14
173,0,9
168,0,14
157,1,13
133,0,7
106,1,8
96,0,12
94,0,5
79,1,2
71,1,6
62,0,6
59,0,4
46,0,4
45,0,1
40,0,1
36,0,0
28,0,0
25,0,5
24,1,0
23,0,0
18,0,3
16,0,1
12,0,0
12,0,0
10,0,1
10,0,1
6,0,0
5,0,0
4,0,2
4,0,0
4,0,0
3,0,0
2,0,0
2,0,0
2,0,0
2,0,0
2,1,0
2,0,0
2,0,0
2,0,0
2,0,0
2,0,0
1,0,0
1,0,0
1,0,0
1,0,0
1,0,0
1,0,0
1,0,0
1,0,0
1,0,0
1,0,0
1,0,0
1,0,0
1,0,0
1,0,0
1,0,0
24953,699,1115
1034,1,88
1006,0,123
914,3,86
772,0,112
665,0,47
661,0,45
426,2,31
408,0,43
386,0,37
344,1,42
297,1,33
277,3,12
277,1,30
224,0,20
184,0,17
172,0,17
172,1,22
138,0,12
117,2,10
104,0,15
99,0,7
81,1,6
81,1,2
67,0,9
65,1,4
61,0,0
50,0,5
43,0,5
39,0,0
30,0,0
25,1,0
25,0,1
25,0,5
24,0,1
18,0,3
16,0,1
13,0,0
12,0,1
10,0,1
10,0,1
6,0,0
5,0,0
5,0,0
4,0,2
4,0,0
4,0,0
3,0,0
3,0,0
3,1,0
3,0,0
2,0,0
2,0,0
2,0,0
2,0,0
2,0,0
2,0,0
1,0,0
1,0,0
1,0,0
1,0,0
1,0,0
1,0,0
1,0,0
1,0,0
1,0,0
1,0,0
1,0,0
1,0,0
1,0,0
1,0,0
1,0,0
27100,780,1439
1095,1,112
1048,0,175
981,4,116
803,1,156
733,0,59
698,0,55
439,0,51
428,2,39
416,0,44
364,1,60
315,2,34
295,5,13
286,1,41
239,0,24
195,1,30
195,0,20
183,0,17
138,0,17
124,2,14
115,0,21
105,0,8
89,1,7
88,1,4
79,1,12
69,1,4
61,0,0
52,0,5
45,0,15
42,0,0
33,0,2
32,0,10
26,1,0
25,0,1
24,0,1
18,0,3
17,0,1
16,0,1
13,0,0
13,0,1
11,0,0
10,0,1
7,0,0
5,0,0
4,0,2
4,0,0
4,0,0
3,0,0
3,0,0
3,1,0
3,0,0
2,0,0
2,0,0
2,0,0
2,0,0
2,0,0
2,0,0
1,0,0
1,0,0
1,0,0
1,0,0
1,0,0
1,0,0
1,0,0
1,0,1
1,0,0
1,0,0
1,0,0
1,0,0
1,0,0
1,0,0
1,0,0
29631,871,1795
1131,1,141
1075,0,201
1033,6,153
838,1,186
779,1,72
740,0,73
468,2,51
468,0,71
444,1,63
386,1,71
326,2,37
307,6,14
293,1,44
250,0,35
208,0,25
206,2,34
195,1,18
141,0,18
131,3,19
119,0,25
107,0,12
99,1,7
91,1,4
83,2,16
78,1,12
64,0,0
54,0,5
45,0,13
45,0,0
40,0,2
32,0,10
29,1,0
26,0,1
25,0,3
18,0,3
18,0,1
16,0,1
14,0,0
13,0,1
11,0,0
10,0,1
7,0,0
5,0,0
4,0,2
4,0,0
4,0,0
3,0,0
3,0,0
3,1,0
3,0,0
2,0,0
2,0,0
2,0,0
2,0,0
2,0,2
2,0,0
2,0,0
1,0,0
1,0,0
1,0,0
1,0,0
1,0,0
1,0,0
1,0,1
1,0,0
1,0,0
1,0,0
1,0,0
1,0,0
1,0,1
1,0,0
31728,974,2222
1159,1,167
1092,0,242
1073,6,191
879,1,208
830,3,88
771,1,105
492,0,81
486,2,66
466,1,66
405,1,80
337,2,44
331,7,30
299,1,48
261,0,39
218,2,41
213,0,30
210,1,24
149,0,19
138,3,19
135,0,0
119,0,25
109,1,10
108,0,13
95,1,8
83,2,17
80,1,13
58,0,5
49,0,13
49,0,0
45,0,2
38,1,0
32,0,10
27,0,3
26,0,4
18,0,3
18,0,1
18,0,1
14,0,0
14,0,1
11,0,0
10,0,1
8,0,0
8,0,0
5,0,0
4,0,2
4,0,0
4,0,0
3,0,0
3,0,0
3,1,0
2,0,0
2,0,0
2,0,0
2,0,0
2,0,2
2,0,0
2,0,0
1,0,0
1,0,0
1,0,0
1,0,0
1,0,0
1,0,0
1,0,1
1,0,0
1,0,0
1,0,0
1,0,0
1,0,0
1,0,1
1,0,0
33366,1068,2639
1177,1,212
1117,0,270
1105,7,218
912,1,247
860,4,105
804,1,128
515,0,93
505,3,79
487,1,80
417,1,85
360,8,28
342,3,48
303,1,52
267,0,45
239,2,48
219,0,32
215,1,33
153,0,20
144,3,20
135,0,0
127,1,17
124,0,30
111,0,19
106,2,10
86,2,24
81,1,18
58,0,5
55,0,3
53,0,22
49,1,0
47,0,9
33,0,10
28,0,3
26,0,9
18,0,5
18,0,3
18,0,1
16,0,0
15,0,6
11,0,0
10,0,1
8,0,0
8,0,0
5,0,0
4,0,2
4,0,0
4,0,0
3,0,0
3,0,0
3,1,0
2,0,0
2,0,0
2,0,0
2,0,0
2,0,2
2,0,0
2,0,0
1,0,0
1,0,0
1,0,0
1,0,0
1,0,0
1,0,0
1,0,1
1,0,0
1,0,0
1,0,0
1,0,0
1,0,0
1,0,0
1,0,1
1,0,0
33366,1068,2686
1219,1,275
1135,8,246
1131,0,321
946,2,304
889,4,127
844,1,152
543,0,125
518,3,102
497,2,92
436,1,92
378,8,31
352,3,56
311,1,57
272,0,53
251,2,54
225,0,43
222,1,32
175,0,0
157,4,27
154,0,26
133,1,18
126,0,33
116,1,20
112,2,11
87,2,31
83,1,22
60,0,6
59,0,3
58,0,24
50,1,1
50,0,15
33,0,10
28,0,9
28,0,7
18,0,9
18,0,3
18,0,1
16,0,0
15,0,6
11,0,2
10,0,2
9,0,1
8,0,1
5,0,0
4,0,2
4,0,0
4,0,0
3,0,0
3,0,0
3,1,1
2,0,0
2,0,0
2,0,2
2,0,0
2,0,2
2,0,0
2,0,0
1,0,0
1,0,1
1,0,1
1,0,1
1,0,1
1,0,1
1,0,1
1,0,0
1,0,0
1,0,0
1,0,0
1,0,0
1,0,0
1,0,1
1,0,0
48206,1310,3459
1241,2,314
1169,10,296
1145,0,360
968,2,339
910,5,157
872,1,170
570,0,139
529,4,128
509,2,105
451,1,104
395,9,33
366,3,69
315,1,62
279,0,57
265,3,68
229,0,46
222,2,33
175,0,0
157,4,30
156,0,27
135,1,27
126,0,36
119,3,21
117,1,22
90,2,39
84,1,24
64,0,24
63,1,6
61,0,6
58,0,15
53,1,1
33,0,12
28,1,9
28,0,7
19,0,3
18,0,11
18,0,1
16,0,1
16,0,7
11,0,2
10,0,3
9,0,1
8,0,1
5,0,0
4,0,4
4,0,4
4,0,0
3,0,0
3,0,0
3,1,1
2,0,0
2,0,0
2,0,2
2,0,0
2,0,2
2,0,0
2,0,0
2,0,0
1,0,0
1,0,1
1,0,1
1,0,1
1,0,1
1,0,1
1,0,1
1,0,0
1,0,0
1,0,0
1,0,0
1,0,0
1,0,0
1,0,1
1,0,0
54406,1457,4774
1261,2,362
1184,11,357
1155,0,403
988,2,364
934,6,193
900,1,187
593,0,157
537,5,152
523,2,136
463,1,114
419,11,47
372,3,80
318,1,90
283,3,87
281,0,63
230,0,54
226,2,36
218,0,0
162,0,36
159,4,43
140,1,28
127,0,38
120,3,31
119,1,29
90,2,39
86,1,25
67,0,24
67,0,17
65,0,6
65,1,6
56,1,1
33,0,12
29,1,9
28,0,7
19,0,3
18,0,11
18,0,2
16,0,1
16,0,7
11,0,2
10,0,3
9,0,1
8,0,1
5,0,0
4,0,4
4,0,4
4,0,0
3,0,0
3,0,0
3,1,1
2,0,0
2,0,0
2,0,2
2,0,0
2,0,2
2,0,0
2,0,0
2,0,0
1,0,0
1,0,1
1,0,1
1,0,0
1,0,1
1,0,1
1,0,1
1,0,1
1,0,0
1,0,0
1,0,0
1,0,0
1,0,0
1,0,0
1,0,1
1,0,0
56249,1596,5623
1294,2,410
1212,13,391
1162,0,428
1001,2,425
950,6,221
913,1,210
604,0,186
544,5,184
532,2,156
470,1,119
425,11,68
375,4,98
326,1,124
291,3,101
285,0,71
285,0,0
235,2,44
232,0,60
168,0,42
162,4,39
143,1,41
128,0,46
122,3,37
119,1,31
90,2,49
88,1,26
72,0,18
70,0,33
70,1,10
68,0,7
56,1,1
43,1,12
33,0,12
28,0,9
22,0,7
18,0,13
18,0,2
16,0,1
16,0,7
12,1,4
10,0,3
9,0,1
8,0,3
5,0,0
4,0,4
4,0,4
4,0,0
3,0,0
3,0,0
3,1,1
2,0,0
2,0,0
2,0,2
2,0,2
2,0,2
2,0,0
2,0,0
2,0,0
1,0,0
1,0,1
1,0,1
1,0,0
1,0,1
1,0,1
1,0,1
1,0,1
1,0,0
1,0,0
1,0,0
1,0,0
1,0,0
1,0,0
1,0,1
1,0,0
58182,1696,6639
1316,2,465
1231,13,440
1167,0,456
1004,3,464
962,6,255
925,1,240
617,0,218
551,5,207
537,2,173
481,3,131
445,11,79
380,4,108
355,0,0
328,1,140
300,3,105
287,0,82
237,2,49
236,0,71
171,0,42
162,4,52
144,1,46
129,0,50
124,3,45
121,1,40
90,2,54
89,1,30
75,0,18
71,1,12
70,0,8
70,0,33
59,1,12
57,1,2
34,0,14
29,0,9
22,0,7
20,1,2
18,0,13
16,0,1
16,0,7
12,1,4
10,0,5
9,0,8
9,0,4
5,0,0
4,0,4
4,0,4
4,0,0
3,0,3
3,0,0
3,1,1
2,0,0
2,0,0
2,0,2
2,0,2
2,0,2
2,0,0
2,0,0
2,0,0
1,0,0
1,0,1
1,0,1
1,0,0
1,0,1
1,0,1
1,0,1
1,0,1
1,0,0
1,0,0
1,0,0
1,0,0
1,0,0
1,0,0
1,0,1
1,0,0
59989,1789,7862
1322,4,524
1246,16,509
1171,0,507
1006,3,498
973,6,280
930,1,275
626,0,258
553,5,225
541,2,191
495,3,156
457,11,85
454,0,0
381,4,114
333,1,161
301,3,122
290,0,90
240,0,79
238,2,53
171,0,47
163,4,59
146,1,57
130,0,53
125,3,46
121,1,43
91,2,58
89,1,34
77,0,24
75,1,12
72,0,8
70,0,35
66,1,12
60,1,2
35,0,15
30,0,10
22,0,7
22,1,2
18,0,13
16,0,1
16,0,7
12,1,4
10,0,5
9,0,8
9,0,4
5,0,0
5,0,0
4,0,4
4,0,4
3,0,3
3,0,0
3,1,1
2,0,2
2,0,0
2,0,2
2,0,2
2,0,2
2,0,0
2,0,0
2,0,0
1,0,1
1,0,1
1,0,1
1,0,0
1,0,1
1,0,1
1,0,1
1,0,1
1,0,0
1,0,0
1,0,0
1,0,0
1,0,0
1,0,0
1,0,1
1,0,0
61682,1921,9128
1328,4,565
1257,19,522
1172,0,535
1007,4,527
982,6,361
933,1,310
629,0,280
555,5,254
543,3,211
542,0,0
508,3,169
464,11,111
387,4,122
333,1,177
306,4,136
292,0,93
242,2,69
240,0,89
172,0,57
163,4,79
146,2,66
131,0,61
128,3,48
121,1,53
91,2,62
89,1,36
81,0,29
76,1,12
74,1,13
73,0,8
70,0,42
62,1,2
35,0,15
31,0,12
22,0,13
22,1,2
18,0,15
16,0,12
16,0,7
12,1,4
10,0,5
9,0,8
9,0,4
5,0,0
5,0,0
4,0,4
4,0,4
3,0,3
3,0,0
3,1,1
2,0,2
2,0,0
2,0,2
2,0,2
2,0,2
2,0,0
2,0,0
2,0,0
1,0,1
1,0,1
1,0,1
1,0,0
1,0,1
1,0,1
1,0,1
1,0,1
1,0,0
1,0,0
1,0,0
1,0,0
1,0,0
1,0,0
1,0,1
1,0,0
62031,2029,10337
1331,5,606
1262,19,573
1174,0,604
1008,4,561
986,6,413
934,1,362
631,0,318
621,0,1
560,5,274
544,3,231
514,3,188
470,12,120
393,4,145
333,2,186
306,4,152
293,0,112
244,2,86
242,0,102
172,1,60
168,4,84
146,2,70
131,0,68
130,3,54
121,1,55
91,2,65
90,1,37
84,1,18
84,0,34
76,1,20
75,0,10
71,0,42
63,2,5
35,0,15
31,0,12
23,1,2
22,0,15
18,0,16
16,0,12
16,0,7
12,1,4
10,0,5
9,0,8
9,0,4
5,0,0
5,0,0
4,0,4
4,0,4
3,0,3
3,0,0
3,1,1
2,0,2
2,0,0
2,2,0
2,0,2
2,0,2
2,0,2
2,0,0
2,0,0
2,0,0
1,0,1
1,0,1
1,0,1
1,0,0
1,0,1
1,0,1
1,0,1
1,0,1
1,0,0
1,0,0
1,0,0
1,0,0
1,0,0
1,0,0
1,0,1
1,0,0
62442,2144,11788
1332,5,642
1265,19,637
1175,1,633
1010,4,634
987,6,474
934,1,433
634,2,1
631,0,356
567,6,299
546,4,254
520,3,217
476,12,136
395,4,153
334,2,199
307,5,169
293,1,126
245,2,90
245,1,118
174,2,79
168,4,86
146,2,72
132,0,76
131,3,59
121,1,59
104,1,16
94,1,18
91,2,71
91,1,43
84,0,34
76,1,22
75,0,16
71,0,44
68,2,6
35,0,15
24,1,2
22,0,15
18,0,16
16,0,12
16,0,7
12,1,4
10,0,6
9,0,8
9,0,4
5,0,0
5,0,0
5,2,0
4,0,4
4,0,4
3,0,3
3,0,0
3,1,1
2,0,2
2,0,0
2,0,2
2,0,2
2,0,2
2,0,0
2,0,0
2,0,0
1,0,1
1,0,1
1,0,1
1,0,0
1,0,1
1,0,1
1,0,1
1,0,1
1,0,0
1,0,0
1,0,0
1,0,0
1,0,0
1,0,0
1,0,1
1,0,0
62662,2144,11881
1333,5,690
1267,19,736
1203,1,679
1011,4,661
988,6,539
934,1,489
749,4,281
634,2,1
631,0,373
572,6,316
525,3,231
479,12,175
396,4,169
334,2,211
308,5,184
293,1,149
246,2,97
245,1,134
204,2,16
174,2,96
168,4,95
146,2,77
132,0,78
132,3,62
121,1,61
105,1,22
91,2,76
91,1,45
85,0,37
76,1,24
75,0,17
71,0,48
68,2,5
35,0,17
26,1,2
22,0,15
20,1,0
18,4,0
18,0,18
16,0,14
16,0,14
12,1,4
11,0,0
10,0,6
9,0,8
9,0,4
6,0,0
5,0,1
5,0,0
4,0,0
4,0,4
4,0,4
3,0,3
3,1,1
2,0,2
2,0,2
2,0,2
2,0,2
2,0,2
2,0,0
2,0,0
2,0,1
2,0,1
1,0,1
1,0,1
1,0,1
1,0,0
1,0,1
1,0,0
1,0,0
1,0,1
1,0,1
1,0,1
1,0,0
1,0,0
1,0,0
1,0,0
1,0,0
1,0,0
1,0,0
1,0,0
1,0,1
1,0,0
64084,2346,15299
1339,5,728
1270,19,830
1205,1,719
1013,4,692
989,6,597
934,1,555
750,4,302
634,2,1
631,0,401
573,6,328
526,3,250
479,12,204
433,2,16
399,4,178
335,3,227
309,6,203
293,1,162
249,2,104
245,1,149
174,2,107
168,4,104
146,2,90
135,3,65
132,0,81
122,1,22
121,1,66
91,2,76
91,1,52
85,0,37
76,2,25
75,0,26
71,0,48
69,2,6
62,2,1
35,0,17
28,5,0
26,1,2
22,0,15
18,0,18
16,0,14
16,0,14
13,0,4
12,1,4
11,0,0
10,0,6
9,0,8
7,0,0
6,0,0
5,0,1
5,0,0
4,0,4
4,0,4
3,0,3
3,1,1
2,0,2
2,0,2
2,0,2
2,0,2
2,0,2
2,0,0
2,0,0
2,0,1
2,0,1
1,0,1
1,0,1
1,0,1
1,0,0
1,0,1
1,0,0
1,0,0
1,0,1
1,0,1
1,0,1
1,0,0
1,0,0
1,0,0
1,0,0
1,0,0
1,0,0
1,0,0
1,0,0
1,0,1
1,0,0
64084,2346,15343
1342,6,755
1271,19,868
1205,1,760
1016,4,714
989,6,637
934,1,613
754,4,321
691,3,0
631,0,418
602,6,18
575,6,335
526,3,261
480,12,222
399,4,189
335,3,249
311,6,219
293,1,170
249,2,106
245,1,163
174,2,115
168,5,106
155,3,2
147,1,22
146,2,102
135,3,81
132,0,88
121,1,73
91,2,78
91,1,54
89,0,51
76,2,28
75,0,27
74,2,11
71,0,56
43,8,0
35,0,21
28,1,2
22,0,15
18,0,18
16,0,14
16,0,14
13,0,4
12,1,4
11,0,0
10,0,6
9,0,8
7,0,0
6,0,0
5,0,1
5,0,0
4,0,4
4,0,4
3,0,3
3,1,1
2,0,2
2,0,2
2,0,2
2,0,2
2,0,2
2,0,0
2,0,0
2,0,1
2,0,1
1,0,1
1,0,1
1,0,1
1,0,0
1,0,1
1,0,0
1,0,0
1,0,1
1,0,1
1,0,1
1,0,0
1,0,0
1,0,0
1,0,0
1,0,0
1,0,0
1,0,0
1,0,0
1,0,1
1,0,0
0,0,0
64287,2495,16748
1345,6,786
1271,19,943
1205,1,782
1016,4,731
989,6,663
934,1,645
833,8,18
755,5,343
691,3,0
631,0,452
576,6,349
527,3,276
480,12,227
399,4,198
335,3,261
311,6,234
293,1,183
251,2,112
245,1,173
229,7,1
174,2,124
168,5,116
159,1,22
146,2,102
135,3,87
133,0,94
121,1,80
93,1,60
91,2,80
89,0,51
79,2,19
76,2,30
75,0,34
71,0,58
61,12,0
36,0,0
35,0,21
30,1,5
22,0,18
18,0,18
16,0,14
16,0,14
13,0,8
13,0,4
12,1,4
10,0,6
7,0,0
6,0,0
5,0,1
4,0,4
4,0,4
3,0,2
3,0,3
3,1,1
2,0,2
2,0,0
2,0,2
2,0,2
2,0,2
2,0,0
2,0,1
2,0,1
1,0,0
1,0,0
1,0,1
1,0,1
1,0,1
1,0,0
1,0,1
1,0,0
1,0,0
1,0,0
1,0,0
1,0,1
1,0,1
1,0,1
1,0,0
1,0,0
1,0,0
1,0,0
1,0,0
1,0,0
1,0,0
1,0,0
1,0,1
1,0,0
0,0,0
0,0,0
0,0,0
64786,2563,18971
1347,7,822
1271,19,1002
1205,1,808
1016,4,768
989,6,712
977,10,22
934,1,683
756,6,355
691,3,0
631,0,458
576,6,372
529,3,289
480,12,243
400,4,215
336,3,268
322,10,1
311,6,248
294,1,199
252,2,134
245,1,186
174,2,129
170,1,22
168,5,124
146,2,104
135,3,91
133,0,98
121,1,83
95,16,0
93,1,63
91,2,80
91,0,53
84,2,19
76,2,30
75,0,35
71,0,61
37,0,22
36,0,0
31,1,5
23,0,0
22,0,18
18,0,18
17,0,14
16,0,16
14,1,11
13,0,8
13,0,4
11,0,0
10,0,7
7,0,0
7,0,0
6,0,2
5,0,1
4,0,4
4,0,4
3,0,2
3,0,3
3,1,1
2,0,2
2,0,0
2,0,0
2,0,2
2,0,2
2,0,0
2,0,1
2,0,1
1,0,0
1,0,0
1,0,1
1,0,1
1,0,1
1,0,0
1,0,0
1,0,1
1,0,0
1,0,0
1,0,0
1,0,1
1,0,1
1,0,1
1,0,0
1,0,0
1,0,0
1,0,0
1,0,0
1,0,0
1,0,0
1,0,0
1,0,0
1,0,1
1,0,1
0,0,0
0,0,0
0,0,0
65187,2615,20969
1347,7,851
1271,19,1033
1261,12,22
1205,1,867
1016,4,783
989,6,744
934,1,719
756,6,377
705,4,10
631,0,478
576,6,384
531,3,307
480,12,249
453,12,3
400,4,235
337,3,272
312,6,261
294,1,218
252,2,147
245,1,192
189,2,22
174,2,144
168,5,129
146,2,104
139,19,49
135,3,96
133,0,104
121,1,88
93,1,65
93,0,62
91,2,24
91,2,81
76,2,34
75,0,38
71,0,65
42,0,0
40,0,22
33,0,0
32,1,5
27,0,15
26,0,0
22,0,18
18,2,11
18,0,18
16,0,16
13,0,2
13,0,8
13,0,4
10,0,7
7,0,0
7,0,0
5,0,1
5,0,0
4,0,4
4,0,4
4,0,0
3,0,2
3,0,0
3,0,3
3,1,1
2,0,2
2,0,0
2,0,1
2,0,0
2,0,0
2,0,0
2,0,2
2,0,0
2,0,2
2,0,0
2,0,1
2,0,1
1,0,0
1,0,0
1,0,1
1,0,0
1,0,1
1,0,1
1,0,0
1,0,0
1,0,0
1,0,1
1,0,1
1,0,0
1,0,0
1,0,0
1,0,1
1,0,0
1,0,0
1,0,0
1,0,0
1,0,0
1,0,0
1,0,0
1,0,0
1,0,1
1,0,1
0,0,0
0,0,0
0,0,0
65596,2641,23383
1766,13,22
1347,7,890
1272,20,1068
1205,1,932
1017,4,804
989,6,792
934,1,754
756,6,387
705,4,10
655,17,45
631,0,498
576,6,401
534,3,321
480,13,270
410,5,248
337,3,276
317,6,274
296,1,228
252,2,161
245,26,49
245,1,195
214,4,22
174,2,150
168,5,131
146,2,112
136,3,102
133,0,107
121,1,93
93,1,67
93,0,62
92,2,24
91,2,81
76,2,43
75,0,43
72,0,68
46,0,16
43,0,0
42,0,0
40,0,22
38,2,11
33,0,0
32,1,5
23,0,18
18,0,18
16,0,16
15,0,2
15,0,8
13,0,4
10,0,8
8,0,0
8,0,0
7,0,3
7,0,0
7,0,0
5,0,1
5,0,2
4,0,4
4,0,4
4,0,0
3,0,0
3,0,0
3,0,0
3,0,3
3,0,1
3,1,1
2,0,2
2,0,1
2,0,0
2,0,0
2,0,2
2,0,2
2,0,0
2,0,0
2,0,1
2,0,1
1,0,0
1,0,0
1,0,1
1,0,0
1,0,1
1,0,1
1,0,0
1,0,0
1,0,0
1,0,0
1,0,1
1,0,1
1,0,0
1,0,0
1,0,0
1,0,0
1,0,0
1,0,1
1,0,0
1,0,0
1,0,0
1,0,0
1,0,0
1,0,0
1,0,1
1,0,1
0,0,0
0,0,0
0,0,0
65914,2682,26403
2337,13,22
1348,7,935
1272,20,1112
1205,1,975
1017,4,830
990,6,821
935,1,790
888,21,46
756,6,405
705,6,10
631,0,515
576,6,422
538,3,338
480,13,283
410,7,257
388,34,73
337,3,279
318,6,277
296,1,235
252,2,168
245,1,199
228,4,22
174,2,156
168,5,133
146,2,112
136,3,102
133,0,112
121,1,93
94,2,30
93,1,73
93,0,62
91,2,82
76,3,52
75,0,45
72,0,68
57,2,11
48,0,16
45,0,0
44,0,0
41,0,28
36,0,0
34,1,6
32,0,2
23,0,18
20,0,8
19,0,5
18,0,18
16,0,16
10,0,8
8,0,0
8,0,0
7,0,3
7,0,0
7,0,0
6,0,0
5,0,1
5,0,2
5,0,0
4,0,4
4,0,4
4,0,0
4,0,1
4,0,0
3,0,0
3,0,3
3,1,1
3,0,0
2,0,2
2,0,1
2,0,0
2,0,0
2,0,2
2,0,2
2,0,0
2,0,0
2,0,1
2,0,1
1,0,0
1,0,0
1,0,0
1,0,0
1,0,1
1,0,0
1,0,1
1,0,0
1,0,1
1,0,0
1,0,1
1,0,0
1,0,0
1,0,0
1,0,0
1,0,1
1,0,0
1,0,1
1,0,0
1,0,0
1,0,0
1,0,0
1,0,0
1,0,0
1,0,1
1,0,1
1,0,0
1,0,0
1,0,0
1,0,0
1,0,0
1,0,1
1,0,1
0,0,0
0,0,0
0,0,0
66337,2727,28993
3150,16,27
1349,7,983
1272,21,1170
1205,1,1016
1128,29,46
1018,4,846
990,6,868
935,1,811
756,6,421
705,6,10
631,0,523
593,43,123
576,6,438
538,3,351
480,13,301
411,8,271
337,3,287
318,6,282
296,1,243
252,2,176
245,1,207
241,5,32
174,2,157
168,5,148
146,2,112
136,3,109
133,0,114
121,1,96
102,0,72
100,2,12
95,2,33
93,1,75
91,2,82
79,0,16
76,3,62
75,0,49
73,0,69
45,0,0
45,0,2
44,0,0
42,0,28
41,0,0
39,1,9
25,0,18
23,0,8
21,0,5
18,0,18
18,0,0
16,0,16
15,0,0
13,0,0
12,0,0
10,0,2
10,0,8
9,0,1
9,0,0
8,0,3
7,0,4
7,0,1
6,0,0
6,0,0
6,0,1
6,1,1
4,0,4
4,0,0
4,0,0
4,0,0
4,0,0
3,0,2
3,0,0
3,0,1
3,0,3
3,1,1
3,0,0
3,0,1
2,0,0
2,0,0
2,0,2
2,0,2
2,0,0
2,0,0
2,0,1
1,0,0
1,0,0
1,0,0
1,0,1
1,0,1
1,0,0
1,0,1
1,0,1
1,0,0
1,0,0
1,0,0
1,0,0
1,0,0
1,0,0
1,0,1
1,0,0
1,0,1
1,0,0
1,0,0
1,0,0
1,0,0
1,0,0
1,0,1
1,0,1
1,0,0
1,0,0
1,0,0
1,0,0
1,0,0
1,0,0
1,0,0
1,0,1
0,0,0
0,0,0
0,0,0
0,0,0
66907,2761,31536
3736,17,30
1694,34,83
1349,7,1016
1272,22,1198
1205,1,1046
1018,4,866
990,6,873
978,54,175
935,1,831
758,6,443
705,6,10
631,0,536
576,6,450
538,3,365
480,13,342
413,8,276
337,3,290
318,6,294
296,1,247
256,6,32
252,2,181
245,1,208
174,2,163
168,5,149
146,2,112
136,3,111
133,0,116
130,2,12
130,0,16
122,1,103
106,0,72
96,2,36
93,1,78
91,2,84
84,0,2
76,3,64
75,0,52
73,0,69
47,0,0
45,0,0
44,0,0
42,1,28
40,1,9
36,0,8
29,0,18
27,0,0
21,0,5
19,0,0
19,0,0
18,0,18
16,0,16
14,0,0
14,0,2
14,0,0
10,0,1
10,0,0
10,0,8
10,0,0
9,0,1
9,1,1
8,0,3
7,0,4
7,0,0
7,0,0
6,0,4
6,0,0
6,0,1
6,0,1
5,0,0
4,0,0
4,0,0
3,0,2
3,0,0
3,0,0
3,0,0
3,0,0
3,0,3
3,1,1
3,0,0
3,0,0
3,0,2
3,0,1
2,1,0
2,0,1
2,0,0
2,0,1
2,0,2
2,0,0
2,0,0
2,0,1
2,0,0
1,0,0
1,0,0
1,0,0
1,0,0
1,0,1
1,0,0
1,0,1
1,0,0
1,0,0
1,0,0
1,0,0
1,0,0
1,0,1
1,0,0
1,0,1
1,0,0
1,0,0
1,0,0
1,0,0
1,0,1
1,0,1
1,0,0
1,0,0
1,0,0
1,0,0
1,0,0
1,0,0
1,0,0
1,0,1
0,0,0
0,0,0
0,0,0
0,0,0
67103,2803,33934
4335,28,30
2036,52,149
1501,66,291
1350,7,1059
1272,22,1205
1206,1,1069
1018,4,887
990,6,917
935,1,850
758,6,460
705,6,10
631,0,543
576,6,469
538,3,386
480,13,356
414,8,282
337,3,292
318,6,296
296,1,255
274,6,32
252,2,192
245,1,216
191,3,12
174,2,168
168,5,151
159,0,16
146,2,114
136,3,111
133,0,119
122,1,103
120,0,2
108,0,78
100,2,36
93,1,83
91,2,85
76,3,66
75,0,54
74,0,69
56,0,0
49,0,0
45,0,0
43,1,31
42,0,0
41,1,12
40,0,8
29,0,18
26,0,0
25,0,0
21,0,5
18,0,0
18,0,18
18,0,0
17,0,2
16,0,16
15,0,0
14,5,1
13,0,0
10,0,1
10,0,8
9,0,1
9,0,4
9,0,1
8,0,1
8,0,3
8,0,0
7,0,0
7,0,0
6,0,4
6,0,0
6,0,1
6,0,0
6,0,1
5,0,3
5,0,0
4,0,0
4,0,0
4,0,2
4,1,0
3,0,0
3,0,2
3,0,0
3,0,0
3,0,0
3,1,1
3,0,0
3,0,0
3,0,2
2,1,0
2,0,0
2,0,1
2,0,0
2,0,0
2,0,0
2,0,0
2,0,0
2,0,0
2,0,1
1,0,0
1,0,0
1,0,0
1,0,0
1,0,0
1,0,1
1,0,0
1,0,1
1,0,0
1,0,0
1,0,0
1,0,0
1,0,0
1,0,0
1,0,1
1,0,0
1,0,0
1,0,1
1,0,0
1,0,0
1,0,0
1,0,0
1,0,0
1,0,1
1,0,1
1,0,0
1,0,0
1,0,0
1,0,0
1,0,0
1,0,0
1,0,0
1,0,0
1,0,0
1,0,0
1,0,0
1,0,0
1,0,1
1,0,0
0,0,0
0,0,0
0,0,0
0,0,0
67217,2835,36208
5186,28,30
2502,79,160
2336,77,291
1350,7,1101
1272,22,1231
1213,1,1093
1018,4,906
990,6,936
935,1,870
758,6,511
706,6,10
631,0,562
576,6,490
538,3,394
480,13,366
414,8,288
338,3,294
318,6,300
296,1,260
293,6,43
252,2,202
245,1,216
204,4,12
196,0,16
174,2,169
168,5,155
165,1,2
146,2,114
136,3,124
133,0,124
125,1,106
110,0,78
100,2,37
93,1,83
91,2,86
76,3,68
75,1,59
74,0,69
56,0,0
56,0,2
51,0,8
49,0,0
45,0,0
43,1,31
42,1,12
36,0,22
32,0,0
32,0,0
27,0,5
24,0,0
21,0,0
21,0,0
21,6,1
19,0,2
18,0,18
16,0,16
13,0,4
13,0,1
13,0,0
12,0,1
12,0,2
11,0,1
11,0,0
11,0,1
10,0,9
10,1,0
9,0,4
9,0,3
9,0,0
7,0,0
7,0,0
7,0,0
6,0,0
6,0,1
6,1,0
5,0,0
5,0,0
5,0,3
5,0,1
5,0,0
4,0,2
3,0,2
3,0,0
3,0,0
3,1,1
3,0,0
3,0,2
2,1,0
2,0,0
2,0,1
2,0,0
2,0,0
2,0,0
2,0,0
2,0,0
2,0,0
2,0,0
2,0,0
2,0,0
2,0,0
2,0,0
2,0,1
2,0,0
2,0,0
1,0,0
1,0,0
1,0,0
1,0,0
1,0,0
1,0,0
1,0,1
1,0,0
1,0,1
1,0,0
1,0,0
1,0,0
1,0,0
1,0,0
1,0,0
1,0,1
1,0,0
1,0,0
1,0,1
1,0,0
1,0,0
1,0,0
1,0,0
1,0,1
1,0,0
1,0,0
1,0,1
1,0,0
1,0,0
1,0,1
1,0,0
1,0,0
1,0,0
1,0,0
1,0,0
1,0,0
1,0,0
1,0,1
1,0,0
1,0,0
1,0,0
1,0,0
0,0,0
0,0,0
0,0,0
0,0,0
67332,2871,38557
5621,35,41
3089,107,276
2922,92,552
1350,7,1133
1272,22,1234
1213,1,1114
1018,4,916
990,6,956
935,1,884
758,6,516
706,6,10
631,0,577
576,6,502
538,3,406
480,13,373
418,8,297
338,3,298
331,6,43
318,6,301
296,1,270
285,4,12
262,0,16
252,2,210
245,1,223
222,2,2
174,2,169
168,5,158
146,2,114
136,3,124
133,0,124
125,1,106
110,0,78
105,2,37
93,1,86
91,2,87
90,0,3
85,0,8
76,3,69
75,1,63
75,0,69
56,0,0
56,0,0
52,0,0
50,0,22
45,0,0
43,1,31
42,1,12
38,0,0
35,2,0
35,0,0
31,9,1
29,0,0
28,0,3
27,0,5
26,0,0
23,0,1
22,1,4
19,0,2
18,0,18
16,1,0
16,0,16
15,0,1
15,0,2
13,0,1
12,0,0
12,0,3
11,0,1
11,0,1
10,0,4
10,0,0
10,0,0
10,0,0
10,0,9
10,0,0
9,0,0
8,0,0
8,0,0
8,1,0
7,0,0
6,0,0
6,0,1
6,0,0
5,0,2
5,0,1
5,0,0
5,0,0
4,0,0
4,0,1
4,0,0
4,0,2
3,0,0
3,0,0
3,0,0
3,1,1
3,0,2
3,0,0
3,0,0
2,1,0
2,0,1
2,0,0
2,0,0
2,0,0
2,0,0
2,0,0
2,0,0
2,1,0
2,0,0
2,0,0
2,0,0
2,0,1
2,0,0
2,0,0
1,0,0
1,0,0
1,0,0
1,0,0
1,0,0
1,0,0
1,0,1
1,0,0
1,0,1
1,0,0
1,0,0
1,0,0
1,0,0
1,0,0
1,0,0
1,0,0
1,0,0
1,0,0
1,0,1
1,0,0
1,0,0
1,0,1
1,0,0
1,0,0
1,0,0
1,0,0
1,0,1
1,0,0
1,0,0
1,0,0
1,0,1
1,0,0
1,0,0
1,0,1
1,0,0
1,0,0
1,0,0
1,0,0
1,0,0
1,0,1
1,0,0
1,0,0
1,0,0
0,0,0
0,0,0
0,0,0
0,0,0
67466,2902,40592
6088,35,41
3858,148,414
3513,107,739
1351,7,1181
1272,22,1239
1215,1,1124
1018,4,938
990,6,970
935,1,901
758,6,578
706,6,10
631,0,583
576,6,512
539,3,425
482,0,16
481,13,379
418,8,297
377,6,12
360,6,43
339,3,303
318,6,304
296,1,277
259,3,2
252,2,214
245,1,224
174,2,169
168,6,158
146,2,114
136,3,128
133,0,126
125,1,106
117,0,78
115,1,8
114,1,3
105,2,43
102,2,87
94,0,0
93,1,88
87,0,0
82,0,0
76,3,70
75,1,65
75,0,69
58,0,0
55,0,0
51,10,1
50,0,1
50,0,22
47,1,31
45,0,0
44,1,12
41,0,0
35,2,0
34,0,0
31,0,0
30,0,3
29,0,5
22,1,4
21,0,2
21,1,0
20,0,1
18,0,18
18,1,0
18,0,0
16,0,1
16,0,1
16,0,2
16,0,16
13,0,8
13,0,3
13,0,0
12,0,0
12,0,0
12,0,1
11,0,0
10,0,7
10,0,0
10,0,0
10,0,9
8,0,0
8,0,0
6,0,0
6,0,0
6,0,0
6,0,1
5,0,2
5,0,1
5,0,0
5,0,0
5,0,2
4,0,0
4,0,0
4,0,0
4,0,0
4,0,2
4,0,0
4,0,0
3,1,0
3,0,1
3,0,0
3,0,0
3,1,1
3,0,0
3,0,0
3,0,1
2,0,0
2,0,0
2,0,0
2,0,0
2,0,0
2,0,0
2,0,0
2,0,0
2,0,0
2,0,0
2,0,0
2,1,0
2,0,0
2,0,0
2,0,0
2,0,0
2,0,0
2,0,0
1,0,0
1,0,0
1,0,0
1,0,0
1,0,0
1,0,0
1,0,1
1,0,1
1,0,0
1,0,0
1,0,0
1,0,0
1,0,0
1,0,0
1,0,0
1,0,0
1,0,1
1,0,0
1,0,1
1,0,0
1,0,0
1,0,0
1,0,0
1,0,1
1,0,0
1,0,0
1,0,0
1,0,1
1,0,0
1,0,0
1,0,0
1,0,0
1,0,0
1,0,1
1,0,0
1,0,0
1,0,0
1,0,0
1,0,0
1,0,0
1,0,1
1,0,0
1,0,0
1,0,0
1,0,0
0,0,0
0,0,0
0,0,0
0,0,0
67592,2931,42033
6593,42,135
4747,124,913
4636,197,523
1352,7,1216
1272,22,1244
1215,1,1147
1018,4,955
990,6,979
935,1,909
758,6,618
696,6,40
670,0,17
653,9,12
631,0,594
576,6,513
539,3,442
481,13,396
422,8,299
420,6,46
400,5,2
342,3,306
318,6,305
296,1,284
252,2,217
245,1,226
214,1,3
174,2,170
168,6,158
163,2,8
146,2,114
136,3,128
133,0,126
130,0,78
128,1,0
125,1,106
119,2,87
109,0,1
108,0,0
107,2,46
101,0,0
93,1,90
83,0,22
76,3,71
75,1,65
75,0,71
60,0,4
58,0,0
58,12,1
55,0,0
48,1,31
45,0,0
45,1,12
45,0,0
43,0,0
40,3,0
31,0,3
29,0,5
26,1,4
24,0,2
23,0,1
22,0,1
21,0,3
21,0,2
21,1,0
20,0,1
19,1,0
19,0,0
18,0,0
18,0,0
18,0,18
17,0,0
16,0,2
16,0,0
16,0,0
16,0,16
15,0,1
15,0,1
13,0,8
13,0,0
13,0,0
13,0,0
13,0,2
13,0,0
11,0,0
10,0,7
10,0,0
10,0,10
9,0,1
8,0,0
7,0,2
7,0,0
6,0,0
6,0,0
6,0,1
6,0,0
5,1,1
5,0,0
5,0,0
5,0,2
5,1,0
5,0,0
4,0,0
4,0,0
4,0,0
4,0,0
4,0,0
3,1,0
3,0,0
3,0,0
3,0,0
3,0,0
3,0,0
3,0,0
3,0,1
3,0,1
2,0,0
2,0,0
2,0,0
2,0,0
2,0,0
2,0,0
2,0,0
2,0,0
2,0,0
2,0,0
2,0,0
2,0,0
2,0,0
2,0,0
2,0,0
2,0,0
2,0,0
2,0,0
2,0,0
2,0,0
2,0,0
1,0,0
1,0,0
1,0,0
1,0,0
1,0,0
1,0,1
1,0,0
1,0,0
1,0,1
1,0,0
1,0,0
1,0,0
1,0,0
1,0,0
1,0,0
1,0,0
1,0,0
1,0,1
1,0,0
1,0,1
1,0,0
1,0,0
1,0,0
1,0,0
1,0,0
1,0,1
1,0,0
1,0,0
1,0,0
1,0,0
1,0,0
1,0,0
1,0,0
1,0,0
1,0,0
1,0,0
1,0,0
1,0,0
1,0,1
1,0,0
1,0,0
1,0,0
1,0,0
1,0,0
1,0,0
1,0,0
1,0,0
1,0,0
1,0,1
1,0,0
1,0,0
1,0,0
1,0,0
1,0,0
1,0,0
1,0,0
1,0,0
0,0,0
0,0,0
0,0,0
0,0,0
0,0,0
67666,2959,43500
7041,44,135
5883,233,589
5823,145,1669
1352,7,1237
1272,22,1244
1215,1,1154
1018,4,960
990,6,979
949,11,12
935,1,916
799,0,18
758,6,627
696,6,40
631,0,606
576,6,526
539,3,454
500,10,30
481,13,403
461,6,76
426,8,303
342,3,313
318,6,307
296,1,295
268,1,3
252,2,218
245,1,226
206,2,18
188,1,0
174,2,170
169,0,1
168,6,158
161,0,0
147,0,0
146,2,115
138,0,78
136,3,128
133,0,126
125,1,107
120,2,87
108,2,51
93,1,90
93,0,23
85,0,4
79,0,0
76,3,72
75,1,67
75,0,71
71,15,1
61,0,0
57,0,0
54,4,0
50,0,0
50,1,31
46,0,0
45,1,12
45,0,0
45,0,7
34,0,3
32,0,1
28,1,4
27,0,3
27,1,0
23,0,1
23,1,0
22,0,1
22,0,0
21,0,4
21,0,2
21,0,0
20,0,0
19,0,0
18,0,0
18,0,18
18,0,16
17,0,0
16,0,2
15,0,1
15,0,1
14,0,0
13,0,8
13,0,0
13,0,0
13,0,2
12,0,0
11,0,7
11,0,0
10,0,0
10,0,10
9,0,0
9,0,3
9,0,0
8,0,0
8,0,0
7,0,2
7,0,0
6,0,0
6,0,1
6,0,0
6,1,1
6,0,2
5,0,0
5,0,0
5,0,0
5,0,0
5,0,0
5,1,0
5,0,0
4,0,0
4,0,0
4,0,0
4,0,0
4,0,0
4,0,0
4,0,0
3,1,0
3,0,0
3,0,0
3,0,0
3,0,0
3,0,0
3,0,0
3,0,0
3,0,0
3,0,0
3,0,1
3,0,0
3,0,0
3,0,0
3,0,1
3,0,1
3,0,0
2,0,0
2,0,0
2,0,0
2,0,0
2,0,0
2,0,0
2,0,0
2,0,0
2,0,0
2,0,0
2,0,0
2,0,0
2,0,0
2,0,0
2,0,0
2,0,0
2,0,0
2,0,0
2,0,0
2,0,0
1,0,0
1,0,0
1,0,0
1,0,0
1,0,0
1,0,1
1,0,0
1,0,0
1,0,0
1,0,1
1,0,0
1,0,0
1,0,0
1,0,0
1,0,0
1,0,0
1,0,0
1,0,0
1,0,1
1,0,0
1,0,1
1,0,0
1,0,0
1,0,0
1,0,0
1,0,0
1,0,1
1,0,0
1,0,0
1,0,0
1,0,0
1,0,0
1,0,0
1,0,0
1,0,0
1,0,0
1,0,0
1,0,0
1,0,0
1,0,0
1,0,0
1,0,0
1,0,0
1,0,0
1,0,0
1,0,0
1,0,0
1,0,1
1,0,0
1,0,0
1,0,0
1,0,0
1,0,0
1,0,0
1,0,0
1,0,0
1,0,0
1,0,0
1,0,0
1,0,0
1,0,0
1,0,0
1,0,0
1,0,0
1,0,0
1,0,0
1,0,0
0,0,0
0,0,0
0,0,0
0,0,0
0,0,0
0,0,0
67707,2986,45235
7375,366,622
7314,50,118
6566,194,2134
1352,7,1256
1272,22,1247
1215,1,1161
1126,19,12
1040,0,18
1018,4,968
990,6,984
935,1,919
758,6,642
696,6,40
673,17,30
631,0,612
576,6,527
539,3,464
502,6,76
481,13,412
428,8,308
342,3,314
337,2,3
318,6,307
296,1,295
273,3,18
265,3,0
252,2,223
245,1,227
203,0,0
200,0,1
176,0,0
174,2,170
168,6,159
150,0,78
146,2,117
136,3,128
133,0,126
125,1,109
124,2,87
114,3,58
104,0,0
99,0,24
93,1,90
85,0,4
83,17,1
83,0,0
76,3,73
75,1,70
75,0,71
73,0,0
64,0,1
60,6,0
50,0,0
50,1,31
49,1,1
45,1,13
45,0,0
45,0,7
39,0,3
39,0,2
38,3,4
38,0,1
36,1,0
35,0,1
32,0,1
31,0,0
31,1,0
30,0,0
30,0,16
28,0,3
27,0,4
23,0,1
22,0,0
21,0,0
21,0,0
20,0,0
19,0,0
19,0,0
18,0,18
17,0,3
16,0,2
16,0,0
15,0,8
15,0,0
15,0,3
14,0,0
14,0,0
13,0,0
12,1,0
12,0,0
12,0,0
12,0,0
11,0,7
11,0,0
11,0,0
10,0,0
10,0,10
10,1,1
9,0,0
9,0,0
8,0,0
8,0,1
8,0,0
7,0,2
7,0,0
7,0,1
7,0,2
7,0,0
6,0,0
6,0,0
6,0,1
6,0,0
6,0,0
6,0,0
5,0,0
5,0,0
5,0,0
5,0,0
5,0,0
5,0,0
5,1,0
5,0,0
4,0,0
4,0,0
4,0,0
4,0,0
4,0,1
4,0,0
4,0,0
4,0,0
4,0,0
4,0,0
3,1,0
3,0,0
3,0,0
3,0,0
3,0,0
3,0,0
3,0,0
3,0,0
3,0,0
3,0,0
3,0,0
3,0,0
3,0,1
3,0,0
3,0,0
3,0,1
2,0,0
2,0,1
2,0,0
2,0,0
2,0,0
2,0,0
2,0,0
2,0,0
2,0,0
2,0,0
2,0,0
2,0,0
2,0,0
2,0,0
2,0,0
2,1,0
2,0,0
2,0,0
2,0,0
2,0,0
2,0,0
2,0,0
2,0,0
2,0,0
2,0,0
2,0,0
1,0,0
1,0,0
1,0,0
1,0,0
1,0,1
1,0,0
1,0,0
1,0,0
1,0,0
1,0,0
1,0,1
1,0,0
1,0,0
1,0,1
1,0,0
1,0,0
1,0,0
1,0,1
1,0,0
1,0,0
1,0,0
1,0,0
1,0,0
1,0,0
1,0,0
1,0,0
1,0,0
1,0,0
1,0,0
1,0,0
1,0,0
1,0,0
1,0,0
1,0,0
1,0,0
1,0,0
1,0,0
1,0,0
1,0,0
1,0,0
1,0,0
1,0,0
1,0,0
1,0,0
1,0,0
1,0,1
1,0,0
1,0,0
1,0,0
1,0,0
1,0,0
1,0,0
1,0,0
1,0,0
1,0,0
1,1,0
1,0,0
1,0,0
1,0,0
1,0,0
1,0,0
1,0,0
1,0,0
1,0,0
1,0,0
1,0,0
1,0,0
1,0,0
1,0,0
1,0,0
1,0,0
1,0,0
1,0,0
1,0,0
0,0,0
0,0,0
0,0,0
0,0,0
0,0,0
0,0,0
67743,3008,46488
9172,463,724
7478,53,118
7161,237,2394
1352,8,1260
1272,22,1247
1215,1,1176
1209,19,12
1176,2,18
1073,28,32
1018,4,979
990,6,984
935,1,923
758,6,700
696,6,40
631,0,621
576,6,542
539,3,466
511,17,76
481,13,430
428,8,315
374,2,3
342,3,315
321,3,0
321,4,18
318,6,307
296,1,295
252,2,230
248,0,1
245,1,227
239,0,1
205,0,1
174,2,170
168,6,159
150,0,78
146,2,123
136,3,130
133,0,127
131,0,2
125,1,109
124,2,88
117,0,24
115,3,59
98,0,0
95,0,14
93,1,91
90,0,1
83,17,1
76,3,73
75,1,70
75,0,71
73,0,0
64,0,1
60,6,9
58,0,0
55,1,12
50,1,31
48,3,4
45,1,15
45,0,0
45,0,7
43,0,3
39,0,2
38,0,1
36,1,0
34,0,4
32,1,4
32,0,1
31,0,0
31,1,0
30,0,1
30,0,0
30,0,16
25,0,0
22,0,0
21,0,0
21,0,0
20,0,0
20,1,1
19,0,0
19,0,0
18,0,18
18,0,0
17,0,3
17,0,0
16,0,2
16,0,0
16,0,0
15,0,8
15,0,7
15,0,0
15,0,0
15,0,3
15,0,0
14,0,0
12,1,0
12,0,0
12,0,0
10,0,0
10,0,10
9,0,0
9,0,0
9,0,0
9,0,0
8,0,0
8,0,1
8,0,0
7,0,2
7,0,0
7,0,1
7,0,0
7,0,2
7,0,0
7,1,0
6,0,1
6,0,0
6,0,1
6,0,0
6,0,0
6,0,0
5,0,0
5,0,0
5,0,0
5,0,0
5,0,0
5,0,0
4,0,0
4,1,0
4,0,0
4,0,0
4,0,1
4,0,0
4,0,0
4,0,0
4,0,0
4,0,0
4,0,0
4,0,0
3,0,0
3,0,0
3,0,0
3,0,0
3,0,0
3,0,0
3,0,0
3,0,0
3,0,0
3,0,0
3,0,0
3,0,0
3,0,0
3,0,1
3,0,0
3,0,1
3,0,0
2,0,0
2,0,0
2,0,1
2,0,0
2,0,0
2,0,0
2,0,0
2,0,0
2,0,0
2,0,0
2,0,0
2,0,0
2,0,0
2,0,0
2,0,0
2,0,0
2,0,0
2,0,0
2,0,0
2,0,0
2,1,0
2,0,0
2,0,0
2,0,0
2,0,0
2,0,0
2,0,0
2,0,0
2,0,0
2,0,0
1,0,0
1,0,0
1,0,0
1,0,0
1,0,0
1,0,0
1,0,0
1,0,0
1,0,0
1,0,1
1,0,0
1,0,0
1,0,1
1,0,0
1,0,0
1,0,0
1,0,1
1,0,0
1,0,0
1,0,0
1,0,0
1,0,0
1,0,0
1,0,0
1,0,0
1,0,0
1,0,0
1,0,0
1,0,0
1,0,0
1,0,0
1,0,0
1,0,0
1,0,0
1,0,0
1,1,0
1,0,0
1,0,0
1,0,0
1,0,0
1,0,0
1,0,0
1,0,0
1,0,0
1,0,0
1,0,0
1,0,1
1,0,0
1,0,0
1,0,0
1,0,0
1,0,0
1,0,0
1,0,0
1,0,0
1,0,0
1,1,0
1,0,0
1,0,0
1,0,0
1,0,0
1,0,0
1,0,0
1,0,0
1,0,0
1,0,0
1,0,0
1,0,0
1,0,0
1,0,0
1,0,0
1,0,0
1,0,0
1,0,0
1,0,0
0,0,0
0,0,0
0,0,0
0,0,0
0,0,0
0,0,0
67760,3024,47743
10149,631,724
8042,291,2731
7513,54,247
1784,33,12
1695,35,32
1457,2,18
1353,8,1274
1272,22,1247
1215,1,1191
1018,4,990
990,6,984
935,1,927
758,6,719
696,6,40
631,0,627
581,10,101
576,6,547
539,3,478
491,3,3
481,13,434
429,8,320
400,0,1
382,4,0
382,6,18
355,0,1
344,3,319
318,6,307
296,1,295
267,0,1
267,23,1
262,0,1
252,2,234
245,1,227
182,0,4
174,2,170
173,0,0
168,6,159
160,0,78
146,2,129
144,2,2
136,3,131
133,0,131
129,0,24
125,2,88
125,1,111
120,3,65
110,0,22
93,1,91
92,0,1
89,0,0
76,3,73
75,1,70
75,0,71
74,0,12
71,7,3
69,0,1
69,0,1
59,1,1
58,0,4
56,0,4
55,2,4
53,1,33
51,2,0
47,1,17
46,0,0
41,0,0
41,1,1
41,0,0
40,0,1
36,0,4
34,0,0
33,1,2
32,1,4
31,0,0
31,0,0
31,0,16
27,0,2
25,0,3
25,0,0
24,0,0
22,0,0
21,0,0
20,0,0
20,0,1
18,0,8
18,0,7
18,0,18
18,0,9
17,1,0
17,0,0
16,0,1
15,0,0
15,0,0
15,0,0
15,2,0
15,1,0
15,0,0
14,0,0
13,0,0
13,0,0
12,0,0
12,0,2
12,0,0
11,0,0
11,0,0
10,0,0
10,0,10
10,0,3
9,0,3
9,0,0
9,0,0
8,0,1
8,0,0
8,0,0
7,0,2
7,0,0
7,0,4
7,0,0
7,0,0
7,0,0
7,0,0
7,0,0
7,0,0
7,0,0
6,1,0
6,0,0
6,0,1
6,0,0
6,0,0
5,0,0
5,0,0
5,0,0
5,0,0
5,0,0
5,0,0
5,0,0
5,0,0
5,0,0
5,0,0
4,0,0
4,0,0
4,0,1
4,0,0
4,0,0
3,0,0
3,0,0
3,0,0
3,1,0
3,0,0
3,0,0
3,0,0
3,0,0
3,0,0
3,0,1
2,0,0
2,0,1
2,0,0
2,0,0
2,0,0
2,0,0
2,0,0
2,0,0
2,0,0
2,0,0
2,0,0
1,0,0
1,0,0
1,0,0
1,0,0
1,0,0
1,0,0
1,0,0
1,0,1
1,0,0
1,0,0
1,0,0
1,0,0
1,0,1
1,0,0
1,0,0
1,0,1
1,0,0
1,0,0
1,0,0
1,0,1
1,0,0
1,0,0
1,0,0
1,0,0
1,0,0
1,0,0
0,0,0
0,0,0
0,0,0
0,0,0
0,0,0
0,0,0
0,0,0
0,0,0
0,0,0
0,0,0
0,0,0
0,0,0
0,0,0
0,0,0
67773,3046,49134
12462,827,1045
9000,354,2959
7755,60,288
2281,48,12
2277,54,183
1908,3,25
1356,8,1282
1273,22,1249
1215,1,1195
1018,4,995
990,6,984
935,1,932
760,6,726
696,7,325
652,4,4
639,15,118
631,0,627
598,0,1
576,6,554
539,3,488
503,5,0
500,1,1
482,13,436
456,8,18
442,0,1
435,8,326
366,29,1
344,3,320
318,6,307
314,3,1
296,1,295
262,0,0
252,2,238
246,0,4
245,1,232
220,0,0
195,0,35
178,0,96
177,3,2
174,2,170
168,6,159
149,0,26
146,2,133
136,3,131
133,0,131
127,2,88
126,3,65
125,1,111
109,0,4
99,1,0
95,0,1
93,1,91
91,0,0
85,0,1
76,3,73
75,1,71
75,0,72
74,0,17
72,0,2
71,7,15
65,2,4
62,1,4
62,2,0
61,3,1
60,1,27
59,0,1
59,0,0
59,1,34
57,0,0
49,1,2
48,1,17
46,0,0
45,0,6
43,1,0
41,0,4
39,1,4
38,0,0
38,0,16
34,1,2
34,0,0
31,0,0
28,2,0
25,0,2
24,0,0
23,0,0
23,0,0
23,1,0
21,0,7
21,0,1
21,0,0
21,0,0
20,0,0
20,0,8
20,0,3
19,1,0
19,0,0
19,0,0
19,0,2
19,0,0
18,0,18
18,0,9
17,0,0
16,0,0
16,0,0
13,0,0
13,0,0
13,0,0
13,0,0
12,1,0
12,0,0
11,0,3
11,0,0
11,0,0
11,0,0
10,0,10
10,0,1
10,0,0
10,0,0
10,0,0
9,0,2
9,1,0
9,0,3
9,0,0
9,0,1
9,0,0
9,0,0
9,0,0
8,0,0
8,0,0
8,0,4
8,1,0
8,0,0
8,1,0
7,0,0
7,0,0
7,1,0
7,0,0
7,0,0
7,0,0
7,0,0
7,0,0
6,0,0
6,0,0
6,0,0
6,0,1
5,0,0
5,0,0
5,1,0
5,0,0
5,0,0
5,0,0
5,0,0
5,0,0
5,0,0
4,0,1
4,0,0
3,0,0
3,0,0
3,0,1
3,0,0
3,0,0
3,0,0
3,0,0
3,0,0
3,0,0
2,0,0
2,0,0
2,0,0
2,0,0
2,0,0
2,0,0
2,0,0
2,0,1
2,0,0
2,0,0
2,0,0
2,0,0
1,0,0
1,0,0
1,0,0
1,0,0
1,0,0
1,0,1
1,0,0
1,0,0
1,0,0
1,0,0
1,0,0
1,0,0
1,0,0
1,0,0
1,0,0
1,0,1
1,0,0
1,0,0
1,0,0
1,0,0
1,0,0
1,0,0
1,0,0
1,0,0
1,0,0
1,0,0
1,0,1
0,0,0
0,0,0
0,0,0
0,0,0
0,0,0
0,0,0
0,0,0
0,0,0
0,0,0
0,0,0
0,0,0
67781,3056,50318
12462,827,1045
10075,429,2959
7869,66,333
2281,48,12
2277,55,183
2078,3,25
1356,8,1289
1273,22,1249
1215,1,1197
1018,4,999
990,6,984
935,1,934
760,6,734
702,0,1
696,7,325
652,4,4
639,16,118
631,0,629
615,0,1
599,1,1
576,6,564
539,3,498
503,5,0
482,13,441
456,8,18
442,31,1
435,8,334
344,3,321
328,0,0
318,6,308
314,3,1
302,1,4
296,1,295
262,0,0
252,2,241
245,2,232
221,4,6
195,0,35
178,0,96
174,2,170
168,6,160
149,0,26
146,2,137
136,3,132
133,0,132
131,0,4
129,3,67
127,2,88
125,1,112
108,0,1
103,0,1
99,1,0
94,0,0
93,1,91
89,0,0
85,0,17
80,0,5
76,3,73
75,1,71
75,0,72
73,1,4
71,8,15
70,1,34
69,3,0
67,1,27
65,2,4
61,3,1
59,0,1
59,0,0
52,0,0
52,2,2
49,1,0
49,0,6
49,1,20
46,1,4
46,0,0
45,0,1
45,0,0
43,1,0
42,0,4
39,0,16
35,2,0
34,1,2
32,0,2
31,1,0
29,1,0
28,0,3
27,0,0
24,1,8
24,0,0
24,0,0
23,1,0
23,0,0
22,0,0
22,0,0
21,0,7
21,0,0
20,0,8
20,0,2
19,1,0
19,0,0
19,0,0
19,0,0
19,0,0
19,0,0
18,0,18
18,0,9
18,0,0
17,0,0
17,0,0
17,0,0
16,0,0
16,0,0
16,0,0
15,0,0
15,0,0
14,0,0
13,0,0
13,0,0
12,0,3
12,0,4
12,0,0
12,0,0
11,0,3
11,0,0
11,0,0
11,1,0
10,0,10
10,0,1
10,0,0
10,0,0
10,0,0
9,0,2
9,1,0
9,0,0
9,0,0
9,0,1
9,0,0
8,0,0
8,1,0
8,0,1
7,0,0
7,1,0
7,0,0
7,0,0
6,0,0
6,0,0
6,1,0
6,0,0
6,0,0
5,0,0
5,0,0
5,0,0
5,0,0
5,0,0
5,0,0
5,0,0
5,0,0
5,0,0
4,0,0
4,0,1
3,0,0
3,0,0
3,0,1
3,0,0
3,0,0
3,0,0
3,0,0
2,0,0
2,0,0
2,0,0
2,0,0
2,0,0
2,0,0
2,0,0
2,0,0
2,0,0
2,0,1
2,0,0
2,0,0
2,0,0
2,0,0
2,0,0
1,0,1
1,0,0
1,0,0
1,0,0
1,0,1
1,0,0
1,0,0
1,0,0
1,1,0
1,0,0
1,0,0
1,0,0
1,0,0
1,0,1
1,0,0
1,0,0
1,0,0
1,0,0
1,0,0
1,0,0
1,0,0
1,0,0
1,0,0
1,0,0
1,0,0
1,0,1
0,0,0
0,0,0
0,0,0
0,0,0
0,0,0
0,0,0
0,0,0
0,0,0
67786,3062,51553
1356,8,1296
1273,22,1249
1215,1,1197
1018,4,1005
990,6,984
935,1,934
760,7,739
631,0,630
576,6,566
539,3,503
482,13,446
436,8,342
346,3,324
318,6,310
296,1,295
252,2,243
245,2,232
174,2,170
168,6,160
146,2,140
136,3,132
134,4,77
133,0,133
127,2,88
125,1,112
76,3,73
75,1,71
75,0,72
93,1,91
18,0,18
10,0,10
1,0,1
27,1,0
5,0,0
32,0,1
2,0,0
33,1,0
64,1,4
92,2,4
36,0,8
35,0,8
16,0,3
2,0,0
64,5,2
1,0,1
6,0,1
85,0,17
75,1,35
5,0,1
80,5,0
74,0,4
1,0,0
3675,7,46
2,0,0
2,0,0
46,0,0
26,2,8
5,0,0
19,0,9
696,7,325
1,0,0
17660,1266,1439
101,9,24
77,3,1
0,0,0
3,1,0
504,1,6
1139,11,4
90,1,0
25,0,0
3,0,0
80,0,5
14,0,1
151,0,0
190,1,0
814,1,1
28,0,2
996,0,1
3661,79,12
5,0,0
189,0,44
134,0,1
17,0,0
79,0,0
801,0,1
798,8,18
804,10,0
4,0,0
17,0,0
2,0,0
6,0,0
5,0,0
27,0,3
15,1,3
8,0,0
4,0,0
11364,514,2959
161,0,4
3,0,0
14,1,0
1,0,0
701,19,118
141,0,0
320,0,0
200,0,97
1,0,0
5,0,0
80,2,27
3,0,0
4,0,0
2,0,0
69,4,2
7979,66,510
17,0,1
10,0,1
1,0,0
1,1,0
112,0,1
1,0,0
1,0,0
1,0,0
559,3,1
45,0,3
82,2,4
7,1,1
2,0,0
2,0,0
31,2,0
43,0,0
1,0,1
1,0,0
1,0,0
2,0,0
68,2,0
3,0,0
1,0,1
19,0,0
1,0,0
5,0,0
141,0,0
155,0,1
24,0,0
13,0,0
86,0,1
1,0,0
34,0,0
23,0,0
29,0,0
1,0,0
5232,133,193
197,0,26
1,0,0
35,0,0
2,0,0
32,0,0
1,0,0
28,0,0
89,0,7
12,0,4
13,0,0
21,0,0
37,0,0
3,0,0
5,0,0
12,0,1
6,0,0
6,0,0
9,0,0
23,1,0
16,0,0
14,0,0
1,0,0
9,0,1
6,0,0
282,4,6
49,0,0
11,0,0
4,0,0
10,0,0
50,2,0
42,1,0
2,0,0
1,0,0
46,0,2
13,0,0
17,0,0
5,1,0
14,0,0
36,0,0
1,0,0
18,0,0
123,0,1
16,0,0
14,0,0
1,0,0
2,0,0
1,0,0
13,0,0
17,0,0
6,0,0
29,1,0
10,0,0
421,0,0
17,0,0
1,0,0
13,0,0
2,0,0
30,0,0
41,0,0
14,0,0
13,0,0
8,1,0
26,0,0
43,0,0
9,0,0
2,0,0
30,0,0
568,37,1
0,0,0
19,0,1
1,0,0
47,0,16
1,0,0
8,0,0
7,0,0
2,0,0
1,0,0
1,1,0
50,1,20
67790,3075,52960
21157,1441,1966
12729,611,2959
8086,72,510
6391,195,517
4585,9,46
4469,91,12
1359,13,4
1356,8,1299
1273,22,1250
1227,1,1211
1140,21,18
1090,3,1
1018,4,1014
990,6,984
961,2,1
959,12,2
935,1,934
827,1,1
773,22,118
760,7,741
696,7,325
689,4,1
655,1,6
631,0,630
576,6,569
572,37,1
539,3,511
525,2,0
482,13,447
437,8,349
353,3,324
340,5,6
337,0,4
318,6,310
296,1,295
252,2,243
245,2,232
238,0,35
228,3,8
225,0,1
212,0,105
210,0,44
193,0,4
189,0,0
181,1,0
174,2,172
169,0,2
168,6,160
156,0,1
151,0,0
146,2,143
140,4,78
138,0,1
136,3,132
133,0,133
129,2,89
129,2,0
125,1,113
123,0,9
115,0,0
112,2,4
111,8,2
110,10,26
109,2,27
104,0,5
103,3,0
103,0,1
102,2,4
101,1,0
96,5,8
93,1,91
93,3,1
85,0,17
82,1,35
80,5,4
79,0,4
77,1,0
76,3,73
76,3,0
75,1,71
75,0,73
69,1,0
66,1,0
64,1,4
64,0,2
61,0,0
59,0,8
57,0,0
53,1,20
53,0,16
51,1,0
49,0,8
47,0,0
46,0,8
46,0,0
46,0,0
44,0,0
41,2,0
41,1,0
40,0,0
38,1,0
38,0,1
38,0,0
38,0,0
37,3,12
36,1,0
34,2,1
32,0,0
32,0,0
31,0,2
30,0,0
30,0,1
29,0,0
28,2,0
27,0,3
27,0,1
26,0,0
26,0,0
26,0,1
26,0,4
26,0,0
26,0,0
25,0,0
24,0,0
22,0,0
22,0,0
21,0,0
21,0,0
21,0,0
20,0,0
19,0,3
19,0,9
19,0,0
18,0,0
18,0,0
18,0,18
18,0,1
18,0,0
17,1,0
17,0,0
17,1,1
17,0,0
16,0,0
15,1,3
14,0,1
14,0,0
14,0,0
12,0,0
12,0,1
12,0,0
11,0,0
11,0,0
10,0,0
10,0,10
10,0,0
10,0,1
10,0,1
10,0,0
10,0,0
10,0,0
9,0,0
9,0,0
9,1,0
8,0,0
8,0,0
8,1,0
7,0,1
7,0,0
6,0,0
6,0,0
6,0,0
6,0,0
6,0,0
6,0,0
6,0,0
5,0,0
5,0,0
5,0,0
5,0,0
5,0,0
5,0,0
4,0,0
4,0,0
4,0,0
4,0,0
4,0,0
4,0,0
4,0,0
3,0,0
3,0,0
3,0,0
3,0,0
3,0,0
3,1,0
2,0,0
2,0,0
2,0,0
2,0,0
2,0,0
2,0,0
2,0,0
2,0,0
2,0,0
2,0,0
2,0,0
2,0,0
2,0,0
2,0,0
2,0,0
2,0,0
2,0,0
1,0,1
1,0,0
1,0,0
1,0,0
1,0,0
1,0,0
1,0,0
1,0,1
1,0,0
1,0,0
1,0,0
1,0,0
1,0,0
1,0,0
1,0,0
1,0,0
1,0,0
1,0,0
1,1,0
1,0,0
1,0,1
1,0,0
1,0,0
1,0,0
1,0,1
1,0,0
1,0,0
1,0,0
1,1,0
1,0,0
1,0,0
1,0,0
1,0,0
1,0,1
0,0,0
0,0,0
0,0,0
67794,3085,54288
24747,1809,2335
13938,724,4590
8162,75,510
7798,289,517
5795,11,46
4499,91,12
2200,14,4
1360,8,1304
1273,22,1250
1231,1,1211
1221,3,1
1140,21,18
1135,20,2
1022,3,1
1018,4,1014
990,6,984
935,1,934
886,4,1
864,2,1
860,1,6
839,22,118
760,7,741
732,3,0
696,7,325
643,40,1
631,0,631
576,6,570
539,3,516
482,13,453
442,8,353
428,0,42
426,6,6
353,3,324
401,0,4
318,6,310
296,1,295
252,2,243
245,2,232
245,0,2
244,0,10
253,0,0
331,4,8
226,0,105
219,1,0
214,0,60
251,0,4
174,2,172
168,6,160
162,0,0
171,5,8
146,2,143
145,4,81
140,11,2
164,0,1
136,3,133
171,0,1
134,2,4
133,2,91
133,0,133
131,0,9
129,2,0
125,1,114
119,3,0
117,5,8
115,4,0
114,1,35
113,2,13
112,0,5
110,2,21
116,10,26
110,3,1
104,0,4
103,0,1
131,1,0
99,1,0
93,1,91
101,5,4
91,2,0
98,0,23
76,3,73
75,1,71
75,0,73
98,2,0
73,1,4
93,0,2
63,0,8
72,0,0
61,0,8
74,0,0
59,1,0
59,1,20
57,0,8
56,0,16
54,0,0
53,0,2
51,0,0
50,0,0
49,0,1
48,4,12
66,0,0
48,0,0
46,0,0
45,2,1
45,1,0
51,2,0
43,1,0
43,0,0
42,1,0
41,0,4
39,0,0
36,1,0
35,0,0
34,0,0
33,0,0
32,1,1
33,0,0
39,0,0
32,0,0
33,0,0
30,0,1
37,0,0
28,2,0
28,1,1
32,0,1
27,0,3
27,0,0
26,0,0
24,0,0
24,0,0
28,0,0
26,0,0
24,0,0
21,0,1
21,0,0
24,0,0
20,0,3
22,0,9
20,0,0
20,0,0
28,0,0
18,0,18
18,0,0
18,0,0
20,0,0
17,1,0
17,0,0
16,0,0
16,0,0
16,0,0
23,1,6
14,0,1
13,0,0
13,0,0
12,0,1
23,0,0
12,0,0
13,0,1
11,0,0
11,0,0
18,0,1
10,0,0
10,0,10
24,0,1
9,0,0
9,1,0
10,0,0
9,0,0
8,0,0
8,1,0
10,0,0
7,0,1
8,0,1
7,0,0
7,0,0
13,0,0
6,0,0
6,0,0
6,0,0
6,0,0
7,0,0
6,0,0
12,0,0
10,0,0
5,0,0
7,0,0
5,0,0
5,0,0
8,0,0
4,0,0
4,0,0
4,1,0
4,0,0
7,0,0
4,0,0
3,0,0
3,0,0
3,0,0
5,0,0
3,0,0
3,1,0
3,0,0
2,0,0
3,0,0
2,0,0
2,0,0
2,0,0
2,0,0
2,0,0
2,0,0
2,0,0
2,0,0
2,0,0
2,0,0
2,0,0
2,0,0
1,0,1
1,0,0
1,0,0
1,0,0
1,0,0
1,0,0
1,0,0
1,0,0
1,0,0
1,0,1
1,0,0
1,0,0
1,0,0
1,0,0
1,0,0
1,0,0
1,0,0
1,0,0
1,0,0
3,0,0
1,0,0
1,0,0
1,0,0
1,0,0
3,0,0
1,0,0
1,0,0
1,0,1
1,0,0
2,0,0
1,0,0
1,1,0
1,0,0
1,0,0
1,0,0
1,0,0
1,0,0
1,0,1
1,0,0
0,0,0
0,0,0
0,0,0
67798,3099,55142
27980,2158,2749
14991,853,4590
9942,342,530
8236,75,1137
7272,17,67
6633,148,12
2200,14,4
1543,55,20
1413,24,2
1361,8,1306
1333,3,1
1273,22,1250
1231,1,1216
1103,6,1
1058,5,1
1018,3,6
1018,4,1014
990,6,984
967,10,0
935,1,934
914,3,1
904,48,1
825,27,144
760,7,746
696,7,325
631,0,631
576,6,570
566,0,42
557,7,6
539,3,516
482,13,455
452,8,360
439,0,4
355,3,325
331,4,8
331,0,3
318,6,310
298,0,3
296,1,295
277,0,10
255,0,4
253,1,0
252,2,248
245,2,233
243,0,109
214,1,77
205,0,1
200,0,1
197,0,1
180,0,0
178,2,1
177,0,5
177,4,13
176,2,172
171,2,4
169,2,0
168,6,161
160,1,0
158,0,9
155,0,0
155,4,84
155,5,0
150,2,27
147,1,35
146,2,144
142,12,2
136,3,133
136,0,2
136,3,0
134,5,8
133,2,91
133,0,133
125,1,115
124,10,26
123,0,9
121,1,0
119,2,13
118,0,2
109,7,4
105,0,2
103,4,4
99,3,1
98,0,23
93,1,92
90,0,8
86,0,0
85,0,0
77,1,0
77,0,0
76,3,73
75,1,73
75,0,75
71,0,8
68,0,8
67,1,20
63,0,0
62,0,0
61,0,16
57,0,2
56,2,1
56,0,0
55,1,0
55,0,1
54,4,12
54,0,0
54,0,0
54,0,0
53,0,4
53,0,0
52,0,0
52,2,0
52,0,0
51,1,0
50,0,0
50,0,0
49,1,0
47,0,0
47,0,1
45,1,0
41,0,3
39,1,1
39,1,0
39,0,0
38,0,0
37,2,0
36,0,3
35,0,0
34,0,1
33,0,0
33,0,1
33,1,0
30,0,2
30,0,0
29,0,3
29,1,1
29,0,0
28,1,0
28,0,1
25,0,0
25,1,0
24,0,2
23,0,0
23,0,0
22,0,9
22,0,0
22,0,0
21,0,1
21,1,1
21,0,0
20,0,0
20,0,0
18,0,18
18,0,0
18,0,1
18,0,0
18,0,1
18,0,0
17,0,1
17,0,1
17,0,0
17,0,0
17,0,0
17,0,0
15,1,6
15,0,0
15,1,0
13,0,0
13,0,0
12,0,0
11,0,0
11,0,10
11,0,0
11,0,0
11,1,0
10,0,2
10,0,0
10,0,0
10,1,0
9,0,0
8,0,2
8,0,0
8,0,0
8,0,0
8,0,0
7,0,0
7,0,1
7,0,0
7,0,0
7,0,0
7,0,0
7,0,0
7,1,0
6,0,0
6,0,0
6,0,0
6,0,0
6,0,0
6,0,0
6,0,0
5,0,0
5,0,0
5,0,0
5,0,0
5,0,0
5,0,0
4,0,0
4,0,0
4,1,0
4,0,0
4,0,0
3,0,0
3,0,0
3,0,0
3,0,0
3,0,0
3,0,0
3,0,0
3,0,0
3,0,0
2,0,1
2,0,0
2,0,0
2,0,0
2,0,0
2,0,0
2,1,0
2,0,0
2,0,0
2,0,0
2,0,0
2,0,0
1,0,0
1,0,0
1,0,0
1,0,0
1,0,0
1,0,0
1,0,0
1,0,1
1,0,0
1,0,0
1,0,0
1,0,0
1,0,0
1,0,0
1,0,0
1,0,0
1,0,0
1,0,0
1,0,0
1,0,0
1,0,0
1,0,0
1,0,1
1,0,0
1,0,0
1,0,0
1,0,0
1,1,0
1,0,0
1,0,0
1,0,0
1,0,0
1,0,0
1,0,0
1,0,0
1,1,0
1,0,1
0,0,0
0,0,0
0,0,0
67799,3111,56003
31506,2503,2941
16169,988,5389
11748,533,1028
9257,24,67
8320,81,1407
7652,148,12
2700,27,4
1950,55,52
1706,13,0
1705,43,2
1463,3,1
1364,8,1307
1332,3,1
1273,22,1250
1243,10,1
1232,1,1216
1190,7,1
1076,55,1
1018,4,1014
990,6,984
977,4,1
935,1,934
878,29,144
761,7,746
698,12,6
696,7,325
673,2,49
631,0,631
576,6,570
540,3,520
482,13,456
456,8,369
448,1,3
439,0,4
396,0,3
387,5,8
358,3,325
337,0,11
321,1,2
321,0,10
318,6,310
296,1,295
275,1,0
267,3,1
266,0,114
253,2,248
246,3,236
238,5,13
236,0,2
228,1,81
225,0,1
223,2,5
220,1,0
218,0,1
216,6,0
210,4,4
201,0,0
196,4,32
196,4,0
187,12,5
185,1,5
184,0,16
177,1,41
176,2,172
172,5,8
171,0,6
168,6,161
162,4,88
161,1,2
160,2,0
154,11,32
147,2,144
146,1,0
142,3,14
140,1,0
136,3,133
133,2,91
133,0,133
130,0,9
125,1,120
120,3,3
117,0,1
114,0,8
112,0,0
110,1,0
109,7,4
103,4,4
98,0,23
94,0,8
93,1,92
82,0,4
78,0,1
78,0,8
77,1,22
76,3,73
75,1,73
75,0,75
74,0,0
74,0,0
74,0,0
72,0,0
72,0,1
69,1,0
68,2,3
68,0,0
67,2,0
67,0,0
67,2,0
66,1,0
66,0,16
65,0,1
65,0,4
65,0,1
65,0,0
64,0,0
62,0,0
60,4,12
60,0,3
60,0,0
58,2,0
56,0,0
56,1,0
55,1,0
51,0,0
50,1,2
49,0,1
47,0,0
47,1,0
47,0,0
47,1,0
46,0,0
44,0,1
41,0,0
39,0,1
39,0,0
38,0,2
38,2,1
36,0,3
34,0,1
34,0,1
33,0,1
33,0,0
33,0,0
32,0,0
31,1,0
30,0,1
30,2,0
29,0,3
29,0,0
28,1,6
26,0,2
26,0,1
26,0,2
26,1,1
26,0,0
25,0,1
24,0,9
24,0,0
23,0,0
23,0,0
23,0,0
22,0,1
22,0,0
22,0,0
21,1,0
21,0,0
21,0,0
21,0,0
20,0,1
19,0,0
18,0,18
18,0,0
18,1,0
16,1,0
16,0,0
15,0,0
14,2,0
13,0,0
12,0,10
12,0,2
12,0,0
12,0,0
11,0,0
11,0,0
11,0,0
11,1,0
11,0,0
10,0,3
10,0,0
10,0,0
10,0,0
9,0,0
9,0,0
9,0,0
9,0,0
8,0,0
8,0,0
8,0,0
8,0,0
8,0,0
7,0,0
7,0,0
7,0,0
7,0,0
7,0,0
7,1,0
7,0,0
7,0,0
7,0,0
6,0,0
6,1,0
6,0,0
5,0,1
5,0,0
5,0,0
5,0,0
5,0,0
5,0,0
4,0,0
3,0,0
3,0,0
3,0,0
3,0,0
3,0,0
3,0,0
3,0,0
3,0,0
3,0,0
3,0,0
3,0,0
3,0,0
3,0,1
2,0,0
2,0,0
2,0,0
2,0,0
2,0,0
2,0,0
2,0,0
2,0,0
1,0,0
1,0,0
1,0,0
1,0,0
1,0,0
1,0,0
1,0,1
1,0,0
1,0,0
1,0,0
1,0,0
1,0,0
1,0,0
1,0,0
1,0,0
1,0,0
1,0,0
1,0,0
1,0,1
1,0,0
1,0,0
1,1,0
1,0,0
1,0,0
1,0,0
1,0,0
1,0,0
1,0,0
1,1,0
0,0,0
0,0,0
0,0,0
0,0,0
0,0,0
0,0,0
67800,3122,56927
35713,2978,4025
17361,1135,5389
13910,623,1081
12327,28,105
9043,148,12
8413,84,1540
3028,28,15
2626,71,65
2495,16,0
2051,58,2
1646,4,9
1550,6,1
1486,14,31
1370,8,1313
1279,10,1
1273,22,1250
1232,1,1216
1057,4,1
1018,4,1014
1014,55,0
990,6,984
935,1,934
889,29,144
790,2,60
761,7,746
751,13,0
712,7,325
631,0,631
576,6,570
540,3,525
482,13,459
469,8,378
464,0,3
452,0,4
448,2,3
433,0,11
418,5,8
372,3,2
361,3,326
336,0,10
318,6,310
314,7,0
313,0,114
299,0,2
296,1,295
292,2,5
275,1,0
267,5,4
267,3,0
260,0,19
258,0,1
257,4,0
256,1,88
253,2,250
251,5,13
250,1,5
246,3,237
238,0,0
227,19,11
221,1,5
218,0,0
212,1,42
203,2,0
202,19,5
199,3,0
196,6,32
186,7,4
184,2,0
181,4,92
176,2,172
173,3,0
171,0,6
168,6,161
164,12,43
162,1,0
156,3,14
152,0,0
147,0,8
146,2,144
145,0,1
142,0,15
136,3,133
133,2,91
133,0,133
133,3,3
125,1,122
121,0,8
119,11,4
116,0,0
113,0,26
111,2,0
105,1,0
100,1,22
98,1,0
97,0,0
94,0,8
94,0,0
93,1,92
93,0,1
93,0,4
92,2,0
92,0,0
86,1,0
86,0,0
85,0,0
84,0,1
83,0,1
83,0,0
81,0,4
79,2,3
79,0,0
77,0,0
77,2,0
76,3,73
75,1,73
75,0,75
75,0,16
74,7,12
71,0,1
70,0,0
68,0,0
68,0,0
68,2,0
59,2,0
58,0,0
58,1,2
55,1,0
52,0,1
51,0,5
51,0,1
51,0,0
50,0,0
50,0,0
49,0,0
49,2,1
47,0,0
47,1,0
46,0,0
42,0,0
39,0,1
39,0,12
39,2,0
38,0,2
38,0,1
38,0,2
37,0,3
36,0,0
35,1,0
35,0,1
35,0,0
35,0,1
34,0,0
33,0,0
33,0,0
31,0,2
31,0,0
30,1,1
29,0,0
29,0,0
28,1,6
28,0,0
27,0,0
27,0,1
27,0,0
27,1,0
26,0,0
24,0,0
23,0,0
22,0,1
21,1,0
21,0,0
20,1,0
20,0,0
19,1,0
19,0,0
19,0,0
18,0,18
18,1,0
18,0,0
18,0,0
15,0,0
15,0,10
15,0,0
15,0,0
14,1,3
14,0,0
14,2,0
13,0,2
13,0,0
12,0,0
12,0,0
12,0,0
11,0,0
11,0,0
11,0,0
11,0,0
11,1,0
10,0,0
10,0,0
9,0,0
9,0,0
9,0,0
8,0,0
8,0,1
8,0,0
8,0,2
7,1,0
7,0,0
7,1,0
7,0,0
7,0,0
6,0,1
6,0,0
6,1,0
6,0,0
6,0,0
6,0,0
6,0,0
5,0,0
5,0,0
4,0,0
4,0,0
4,0,0
4,0,0
3,0,0
3,0,0
3,0,0
3,0,0
3,0,0
3,0,0
3,0,0
3,0,0
3,0,0
3,0,0
3,0,0
2,0,0
2,0,0
2,0,0
2,0,0
2,0,0
2,0,0
2,0,0
2,1,0
2,0,0
2,0,0
2,0,0
1,0,0
1,0,0
1,0,0
1,0,0
1,0,0
1,0,1
1,0,0
1,0,0
1,0,0
1,0,0
1,0,0
1,0,0
1,0,0
1,0,0
1,0,0
1,0,0
1,0,1
1,0,0
1,0,0
1,0,0
1,0,0
1,0,0
1,0,106
1,0,0
1,1,0
1,0,0
0,0,0
0,0,0
0,0,0
0,0,0
0,0,0
0,0,0
0,0,0
0,0,0
0,0,0
0,0,0
0,0,0
67800,3130,57682
41035,3405,4440
18407,1284,5710
17963,830,1107
15320,44,113
10871,243,12
8565,91,1540
5365,34,0
4075,41,15
2689,137,65
2460,76,2
2013,6,9
1795,21,31
1746,7,1
1439,11,16
1378,8,1318
1376,74,0
1273,22,1250
1233,1,1217
1151,6,1
1018,4,1014
990,6,984
952,18,0
935,1,934
924,29,150
900,2,75
785,3,3
761,7,747
742,9,0
712,7,325
694,0,3
677,0,11
631,0,631
621,6,2
576,6,570
557,3,5
540,3,536
483,13,460
480,8,380
460,0,4
454,2,13
422,4,0
418,6,8
417,9,0
400,0,10
392,10,0
363,3,326
355,5,1
345,0,114
335,4,0
334,3,0
330,1,5
328,0,0
318,6,310
311,25,11
307,5,4
296,1,295
287,10,0
286,1,0
278,1,100
277,0,25
277,4,0
274,0,6
272,1,42
267,0,1
260,5,0
257,1,5
256,6,32
253,2,250
246,3,237
238,0,0
234,0,1
231,7,4
217,17,8
208,4,95
206,1,0
199,3,0
199,1,9
194,4,15
192,13,43
192,3,0
176,2,172
168,6,161
159,2,0
159,0,0
157,4,4
154,0,0
150,0,0
148,0,18
146,2,144
144,0,8
140,0,31
137,3,133
134,2,91
133,0,133
125,1,122
123,1,0
123,0,0
121,0,8
121,1,0
119,0,0
119,11,4
119,0,0
118,1,4
115,0,1
109,1,0
108,1,26
107,1,0
105,1,5
103,0,1
102,0,1
99,2,0
97,3,3
95,1,0
94,3,0
93,1,92
89,0,0
88,3,0
87,9,32
86,0,1
85,0,16
81,1,0
80,0,0
79,0,0
78,0,0
76,3,73
75,0,0
75,1,74
75,0,75
73,1,2
72,0,0
69,1,0
69,0,1
67,0,0
64,2,0
63,0,2
63,2,1
62,0,0
60,0,3
60,2,0
53,0,1
53,0,2
52,1,0
52,0,0
51,0,5
50,1,0
49,1,1
48,0,1
48,0,12
47,0,0
45,0,0
44,1,6
44,0,0
44,0,0
44,0,0
44,1,0
44,0,0
42,0,3
42,0,0
40,0,1
40,0,0
39,1,0
37,0,1
37,2,0
36,0,1
35,0,0
34,2,0
34,1,0
33,1,0
33,0,0
31,0,2
31,1,0
30,0,0
29,0,0
28,0,0
28,0,0
23,1,0
23,0,0
22,0,1
22,0,0
22,0,0
18,0,18
18,0,0
18,0,0
17,1,3
17,0,0
17,0,10
16,0,0
16,0,0
16,2,0
15,1,2
14,0,0
14,0,0
14,0,0
13,0,0
13,0,0
12,0,0
12,0,0
12,0,0
11,0,0
11,1,0
11,0,0
11,0,0
11,0,0
11,0,0
11,0,0
11,1,0
11,0,0
10,0,3
10,0,2
9,0,0
9,0,1
9,1,0
9,0,0
9,0,0
8,0,1
8,0,0
7,1,0
7,0,0
7,0,0
6,0,0
6,0,0
6,0,0
6,0,0
6,0,0
6,0,0
5,0,0
5,0,0
4,0,0
4,0,0
4,0,0
3,0,0
3,0,0
3,0,0
3,0,0
3,0,0
3,0,0
3,0,0
3,0,0
3,0,0
3,1,0
3,0,0
3,1,0
2,0,0
2,0,0
2,0,0
2,0,0
2,0,0
2,0,0
2,0,0
2,0,0
2,0,0
2,1,0
2,0,0
2,0,0
2,0,0
2,0,0
1,0,0
1,0,0
1,0,0
1,0,0
1,0,0
1,0,1
1,0,0
1,0,0
1,0,0
1,0,0
1,0,0
1,0,0
1,0,0
1,0,0
1,0,1
1,0,0
1,0,0
1,0,0
1,0,0
1,0,0
1,0,108
1,0,0
0,0,0
0,0,0
0,0,0
0,0,0
0,0,0
0,0,0
0,0,0
0,0,0
0,0,0
0,0,0
0,0,0
0,0,0
0,0,0
67800,3133,58382
47021,4032,4440
20410,1043,1588
19848,67,180
19644,1433,6745
12612,450,12
8652,94,1540
8310,42,0
5294,54,15
3983,177,65
2994,106,2
2388,6,9
2257,37,1
1914,7,1
1639,16,16
1524,83,0
1395,8,1323
1273,22,1250
1255,9,1
1234,1,1219
1177,23,0
1030,3,87
1020,6,5
1018,4,1014
990,6,984
963,33,191
935,1,934
890,11,0
833,0,4
793,11,2
762,7,748
712,7,325
705,0,14
683,3,5
631,0,631
585,5,0
576,6,570
563,10,0
552,3,0
541,3,536
538,14,0
501,3,13
495,6,19
491,8,390
484,13,463
484,4,0
470,0,10
450,0,10
434,0,6
425,5,1
420,13,0
413,1,0
409,0,5
394,5,0
385,0,124
371,3,326
369,32,15
367,5,0
363,4,0
359,4,0
353,6,4
344,0,8
341,1,0
322,1,42
318,6,310
308,2,5
308,0,25
303,1,0
299,1,295
285,1,100
285,8,39
283,0,1
271,8,4
256,4,98
254,2,250
253,1,9
247,3,237
244,5,20
234,3,1
233,0,0
230,18,8
208,17,49
207,3,0
202,0,0
194,3,0
184,0,8
176,2,172
173,2,0
172,0,0
168,6,161
164,1,4
163,4,4
159,0,18
149,1,0
146,1,0
146,2,144
144,14,4
140,2,31
139,1,0
137,3,133
137,1,0
137,1,0
136,0,1
135,1,1
135,2,26
134,2,98
133,0,133
128,3,3
128,0,1
128,1,5
127,3,0
126,2,122
126,1,0
122,2,0
121,0,8
115,0,0
114,1,0
114,3,0
111,0,1
96,0,0
94,0,0
93,1,92
91,0,16
90,11,32
89,0,2
89,1,0
86,2,0
85,3,2
85,0,1
83,0,0
80,0,0
80,1,0
78,0,1
78,0,0
78,0,0
77,3,1
76,3,73
75,0,1
75,1,74
75,0,75
73,0,3
72,2,0
71,1,0
70,2,0
69,0,5
67,0,0
67,0,1
66,1,1
64,1,0
64,0,2
56,0,0
54,1,0
54,0,0
53,2,0
51,0,1
50,0,3
49,3,0
49,0,1
49,0,0
49,1,0
48,0,12
47,2,0
45,0,0
45,0,0
44,1,6
44,1,0
44,0,0
43,0,1
43,0,0
42,0,0
40,1,0
39,0,0
38,0,2
38,0,0
37,0,0
33,0,0
32,1,0
29,2,0
29,3,0
28,0,0
28,0,0
26,0,0
24,0,1
24,0,0
23,0,0
23,0,0
20,1,3
20,0,0
20,0,0
19,0,0
19,0,0
18,0,18
18,0,0
17,0,0
17,0,10
17,0,0
16,1,0
16,0,0
16,1,2
15,0,0
15,0,0
15,0,0
15,0,0
14,0,0
14,0,0
14,0,0
14,1,0
14,0,0
13,0,0
13,0,0
12,1,0
12,0,0
12,0,1
12,0,0
11,0,0
11,0,0
11,0,0
10,0,3
10,0,0
10,0,2
9,0,1
9,0,0
9,0,1
9,0,0
7,1,0
7,0,0
7,0,0
7,0,0
6,0,0
6,0,0
6,0,0
6,0,0
6,0,0
6,0,0
5,0,0
5,0,0
4,0,0
4,0,0
4,0,0
3,0,0
3,0,0
3,0,0
3,0,0
3,0,0
3,1,0
3,0,0
3,0,0
3,1,0
3,0,0
3,1,0
2,0,0
2,0,0
2,0,0
2,0,0
2,0,0
2,0,0
2,0,0
2,0,0
2,0,0
2,0,0
2,1,0
2,0,0
2,0,0
1,0,0
1,0,0
1,0,0
1,0,0
1,0,1
1,0,0
1,0,0
1,0,0
1,0,0
1,0,0
1,0,0
1,0,0
1,0,1
1,0,0
1,0,0
1,0,0
1,0,0
1,0,0
1,0,0
1,0,147
1,0,0
1,0,0
1,0,0
0,0,0
0,0,0
0,0,0
0,0,0
0,0,0
0,0,0
0,0,0
0,0,0
0,0,0
0,0,0
0,0,0
0,0,0
0,0,0
67800,3139,58946
53578,4825,6072
25374,1375,2125
22213,84,233
20610,1556,7635
14282,562,12
11710,60,0
8799,102,1540
6575,75,15
5018,233,65
3631,136,2
2815,67,263
2814,8,9
2118,7,1
1793,94,0
1763,20,16
1400,8,1325
1364,24,0
1327,16,0
1326,13,1
1280,12,5
1273,22,1250
1236,1,1219
1183,4,114
1021,15,2
1018,4,1014
1007,35,232
995,0,6
990,6,984
935,1,934
883,1,36
788,5,0
785,3,5
764,7,749
753,6,0
730,3,13
712,8,325
670,8,0
670,9,0
659,13,0
631,0,631
585,16,0
581,5,0
576,6,570
542,3,536
537,0,6
536,5,1
530,13,19
525,1,0
523,1,10
507,14,0
506,7,3
504,8,396
484,13,463
481,0,27
473,1,22
450,38,15
436,6,4
432,2,140
424,10,4
411,1,42
396,2,0
392,0,16
390,4,0
383,1,0
380,3,327
377,3,6
371,1,0
367,0,52
330,4,23
318,6,310
318,5,1
307,19,13
306,0,1
306,1,12
305,1,125
303,1,295
294,10,41
282,4,0
273,4,98
254,2,250
253,0,0
248,3,239
248,3,0
240,0,0
229,0,8
221,0,8
214,17,51
206,1,5
203,2,4
200,1,0
196,0,1
195,1,0
194,4,0
193,2,0
187,4,4
181,5,0
178,1,0
176,2,172
176,0,27
171,1,1
171,3,0
168,6,161
163,3,3
161,2,0
160,0,1
158,4,3
156,2,0
153,2,28
153,2,38
146,2,144
144,20,4
140,1,0
139,15,32
138,1,0
137,3,133
136,0,0
134,2,113
133,0,133
131,0,0
128,4,0
126,2,122
124,0,1
122,0,0
118,1,0
117,2,2
114,5,0
112,2,0
110,0,0
103,4,7
96,3,3
94,0,17
93,1,2
93,1,92
92,0,0
90,1,0
88,0,1
87,3,0
85,0,1
85,0,1
84,0,0
83,0,2
83,1,1
80,1,1
77,0,1
77,1,0
76,2,2
76,0,15
76,3,73
75,1,74
75,0,75
74,3,0
73,0,2
70,0,0
70,0,0
68,0,0
67,0,3
66,0,0
64,2,5
60,1,0
57,2,0
55,0,0
53,1,11
53,0,1
53,0,0
53,0,0
53,1,0
52,0,0
52,0,12
49,0,1
49,0,1
49,0,0
47,0,5
47,3,1
45,0,0
45,0,0
43,0,0
43,0,0
38,0,0
37,0,0
37,0,0
36,0,0
32,1,0
32,0,0
29,2,0
28,0,0
27,0,0
26,0,0
25,2,3
24,0,1
24,0,0
23,1,0
23,0,0
23,0,0
22,0,1
21,0,0
21,1,0
21,0,0
21,1,0
19,0,0
19,1,0
18,0,0
18,0,10
18,0,18
18,0,6
18,1,0
17,0,0
17,1,0
17,0,0
16,0,3
16,1,2
16,0,1
15,0,0
15,0,0
15,0,0
14,0,1
14,0,0
14,1,0
14,0,0
14,1,0
13,0,0
11,0,0
10,0,0
10,0,0
10,0,2
9,0,0
9,0,0
8,0,0
7,1,0
7,0,0
7,0,0
7,0,0
6,0,0
6,0,0
6,0,0
6,0,0
6,0,0
5,0,0
4,0,0
4,0,0
4,0,0
4,1,0
4,0,0
3,0,0
3,0,0
3,0,0
3,0,0
3,0,0
3,0,0
3,0,0
3,0,0
3,0,0
3,1,0
3,1,0
3,0,0
2,0,0
2,0,0
2,0,0
2,0,0
2,0,0
2,0,0
2,0,0
2,0,0
2,0,0
2,0,0
2,0,0
2,1,0
2,0,0
2,0,0
1,0,0
1,0,0
1,0,0
1,0,0
1,0,1
1,0,0
1,0,0
1,0,0
1,0,0
1,0,0
1,0,0
1,0,0
1,0,1
1,0,0
1,0,0
1,0,0
1,0,0
1,0,0
1,0,171
1,0,0
1,0,0
1,0,0
0,0,0
0,0,0
0,0,0
0,0,0
0,0,0
0,0,0
0,0,0
0,0,0
0,0,0
0,0,0
0,0,0
0,0,0
0,0,0
67800,3144,59433
59138,5476,7024
28768,1772,2575
24873,94,266
21638,1685,7931
16018,674,2200
15793,117,0
8897,104,2909
7245,98,131
5683,281,65
4204,179,2
3401,75,263
3244,16,9
2383,7,1
1996,95,0
1934,21,16
1914,20,0
1642,30,0
1600,14,5
1593,25,2
1407,8,1329
1395,13,1
1306,10,139
1273,22,1250
1237,1,1219
1236,30,0
1120,1,6
1086,40,235
1071,1,37
1049,9,0
1037,9,0
1018,4,1014
990,6,984
936,1,934
906,4,5
837,20,0
830,13,0
798,8,6
789,14,3
776,5,5
766,7,750
712,8,325
646,5,0
634,7,1
633,0,631
632,1,8
627,6,0
626,1,10
624,15,19
600,23,0
599,1,44
577,6,570
568,1,36
543,3,536
533,6,4
514,8,400
514,48,29
511,0,16
509,3,0
505,2,0
494,0,33
484,13,466
476,6,0
455,2,144
433,3,64
425,5,6
424,10,4
414,2,0
396,7,27
394,4,328
381,4,0
380,25,17
367,0,16
363,5,1
355,3,0
332,2,149
327,14,56
326,0,2
319,6,310
317,4,100
307,1,295
302,0,0
296,0,70
274,0,0
259,1,0
254,2,250
254,1,5
251,2,4
248,3,239
248,4,8
245,3,0
244,3,0
233,20,57
231,2,3
225,4,3
223,5,0
222,2,1
221,0,8
221,6,0
219,5,0
207,1,0
202,3,0
201,17,65
201,6,0
196,3,0
194,0,2
190,2,0
188,0,27
187,3,3
185,1,7
181,1,0
176,2,172
169,2,28
169,1,0
168,6,161
165,0,0
161,4,0
160,20,4
153,2,38
152,2,0
146,2,144
139,0,1
138,0,0
137,3,133
136,2,114
135,0,0
134,2,2
133,0,133
131,6,16
131,1,1
126,1,2
126,2,124
120,1,0
115,0,0
115,4,3
114,1,1
113,1,1
113,0,17
112,0,1
102,2,0
100,0,3
100,3,0
99,3,0
95,1,3
94,1,1
93,1,92
90,0,2
90,0,0
89,2,2
89,0,0
88,0,2
84,0,1
83,0,0
82,0,3
76,0,15
76,3,73
75,4,5
75,1,74
75,0,75
75,3,1
73,3,1
70,0,15
67,0,5
67,2,0
66,0,0
65,1,10
65,0,0
64,2,0
60,0,0
57,0,0
56,0,0
55,0,17
54,0,3
52,0,0
52,2,0
51,0,0
50,0,1
49,0,0
48,0,0
47,0,0
47,0,0
43,0,0
42,0,0
40,1,1
40,0,0
37,0,0
37,1,0
35,1,0
32,0,0
31,0,0
30,1,0
30,0,2
30,1,0
28,0,0
28,0,0
27,2,3
27,1,0
26,0,0
24,0,0
24,1,0
24,0,0
23,0,1
23,1,0
22,0,3
22,1,0
21,0,0
21,0,0
21,1,0
20,0,10
19,0,0
19,0,0
19,1,0
19,0,0
18,0,18
18,0,6
18,1,0
17,0,0
16,1,2
16,0,1
15,0,0
15,0,0
15,0,2
14,0,0
14,0,1
14,0,0
13,0,0
13,0,0
12,0,0
12,0,0
11,0,4
11,0,0
10,0,0
8,0,0
7,1,0
7,0,0
6,0,0
6,0,0
6,0,0
5,1,0
5,0,0
5,0,0
4,0,0
4,0,0
4,0,0
4,0,0
4,0,0
3,0,0
3,0,0
3,0,0
3,0,0
3,0,0
3,0,0
3,0,0
3,0,0
3,0,0
3,1,0
3,1,0
3,0,0
3,0,0
2,0,0
2,0,0
2,0,0
2,0,0
2,0,0
2,0,0
2,0,0
2,0,0
2,0,0
2,0,1
2,0,0
2,0,0
2,0,0
2,1,0
2,0,0
1,0,0
1,0,0
1,0,0
1,0,1
1,0,0
1,0,0
1,0,0
1,0,0
1,0,0
1,0,0
1,0,0
1,0,0
1,0,0
1,0,0
1,0,0
1,0,0
1,0,0
1,0,178
1,0,0
1,0,0
0,0,0
0,0,0
0,0,0
0,0,0
0,0,0
0,0,0
0,0,0
0,0,0
0,1,0
0,0,0
0,0,0
0,1,0
0,0,0
0,0,0
0,0,0
1,0,0
1,0,0
1,0,0
13,0,0
1,0,0
0,0,0
2,0,0
0,0,0
18,0,0
0,0,0
1,0,0
1,0,0
0,0,0
2,0,0
1,0,0
0,0,0
0,0,0
6,0,0
1,0,0
0,0,0
6,0,0
1,0,0
0,0,0
36,0,0
2,0,0
118,1,0
0,0,0
127,0,0
0,0,0
2,0,0
0,0,0
0,0,0
0,0,0
0,0,0
0,0,0
0,0,0
6,0,0
0,0,0
0,0,0
6,0,0
1,0,0
0,0,0
2,0,0
0,0,0
0,0,0
48,1,0
4,1,0
0,0,0
0,0,0
2,0,0
0,0,0
0,0,0
0,0,0
0,0,0
1,0,0
0,0,0
1,0,0
0,0,0
13,0,0
0,0,0
2,1,0
15,0,0
1,0,0
0,0,0
0,0,0
0,0,0
3,0,0
0,0,0
20,0,0
7,0,0
0,0,0
0,0,0
0,0,0
4,0,0
0,0,0
0,0,0
0,0,0
0,0,0
58,0,0
0,0,0
0,0,0
0,0,0
0,0,0
34,0,0
0,0,0
0,0,0
0,0,0
0,0,0
26,1,0
0,0,0
1,0,0
0,0,0
0,0,0
3,0,0
0,0,0
1,0,0
2,0,0
0,0,0
0,0,0
0,0,0
0,0,0
6,0,0
0,0,0
1,0,0
0,0,0
0,0,0
0,0,0
0,0,0
0,0,0
0,0,0
0,0,0
0,0,0
1,0,0
0,0,0
0,0,0
0,0,0
3,0,0
0,0,0
0,0,0
3,0,0
2,0,0
0,0,0
35,1,0
31,0,0
0,0,0
0,0,0
0,0,0
0,0,0
2,0,0
0,0,0
0,0,0
0,0,0
0,0,0
0,0,0
30,0,0
0,0,0
0,0,0
0,0,0
1,0,0
1,0,0
0,0,0
5,0,0
0,0,0
0,0,0
61,1,0
0,0,0
1,0,0
0,0,0
0,0,0
0,0,0
1,0,0
2,0,0
1,0,0
0,0,0
12,0,0
0,0,0
0,0,0
21,0,0
1,0,0
0,0,0
3,0,0
0,0,0
0,0,0
0,0,0
0,0,0
0,0,0
0,0,0
1,0,0
0,0,0
4,0,0
0,0,0
16,0,0
2,0,0
0,0,0
0,0,0
0,0,0
0,0,0
4,0,0
0,0,0
0,0,0
1,0,0
0,0,0
0,0,0
1,0,0
0,0,0
0,0,0
4,0,0
0,0,0
9,3,0
0,0,0
609,6,0
4,0,0
0,0,0
14,0,0
26,0,0
38,0,0
0,0,0
5,0,0
0,0,0
0,0,0
57,1,0
0,0,0
2,0,0
1,0,0
0,0,0
0,0,0
1,0,0
0,0,0
2,0,0
3,0,0
0,0,0
0,0,0
35,0,0
0,0,0
0,0,0
0,0,0
0,0,0
1,0,0
0,0,0
0,0,0
0,0,0
0,0,0
2,0,0
5,0,0
0,0,0
4,0,0
0,0,0
1,0,0
0,0,0
0,0,0
0,0,0
1,0,0
0,0,0
3,0,0
0,0,0
0,0,0
17,1,0
0,0,0
0,0,0
0,0,0
0,0,0
12,0,0
1,0,0
0,0,0
39,0,0
0,0,0
1,0,0
2,1,0
1,0,0
0,0,0
0,0,0
1,0,0
0,0,0
0,0,0
0,0,0
0,0,0
1,0,0
0,0,0
4,0,0
1,0,0
0,0,0
0,0,0
0,0,0
16,0,0
12,0,0
1,0,0
0,0,0
0,0,0
7,0,0
0,0,0
0,0,0
25,0,0
24,0,0
0,0,0
0,0,0
1,0,0
0,0,0
0,0,0
0,0,0
0,0,0
0,0,0
3,1,0
1,0,0
263,3,0
0,0,0
0,0,0
0,0,0
0,0,0
0,0,0
0,0,0
1,0,0
2,0,0
3,0,0
0,0,0
8,0,0
0,0,0
0,0,0
0,0,0
0,0,0
0,0,0
0,0,0
0,0,0
43,0,0
0,0,0
0,0,0
2,0,0
0,0,0
0,0,0
0,0,0
0,0,0
0,0,0
8,0,0
0,0,0
0,0,0
0,0,0
0,0,0
16,0,0
0,0,0
36,0,0
1,0,0
0,0,0
0,0,0
0,0,0
0,0,0
3,0,0
0,0,0
0,0,0
0,0,0
17,0,0
5,0,0
2,0,0
0,0,0
0,0,0
2,0,0
6,0,0
0,0,0
3,0,0
34,0,0
0,0,0
2,0,0
4,0,0
0,0,0
0,0,0
0,0,0
0,0,0
0,0,0
1,0,0
2,0,0
0,0,0
0,0,0
0,0,0
0,0,0
0,0,0
3,0,0
0,0,0
1,0,0
0,0,0
0,0,0
0,0,0
1,0,0
1,0,0
1,0,0
1,0,0
0,0,0
1,0,0
0,0,0
1,0,0
33,1,0
0,0,0
0,0,0
0,0,0
6,0,0
0,0,0
0,0,0
0,0,0
2,0,0
0,0,0
1,0,0
2,0,0
0,0,0
0,0,0
3,0,0
0,0,0
2,0,0
0,0,0
0,0,0
0,0,0
1,0,0
0,0,0
0,0,0
0,0,0
1,0,0
0,0,0
0,0,0
21,0,0
0,0,0
0,0,0
1,0,0
0,0,0
5,0,0
0,0,0
0,0,0
6,0,0
2,0,0
2,0,0
0,0,0
0,0,0
3,0,0
0,0,0
0,0,0
0,0,0
0,0,0
0,0,0
5,0,0
8,0,0
3,0,0
0,0,0
0,0,0
0,0,0
0,0,0
0,0,0
1,0,0
6,0,0
1,0,0
1,0,0
0,0,0
1,0,0
2,0,0
0,0,0
1,1,0
4,0,0
1,0,0
0,0,0
0,0,0
0,0,0
0,0,0
1,0,0
0,0,0
0,0,0
0,0,0
3,0,0
2,0,0
3,0,0
2,0,0
1,0,0
3,0,0
0,0,0
0,0,0
5,0,0
1,0,0
1,0,0
31,1,0
2,0,0
3,0,0
0,0,0
4,0,0
1,0,0
0,0,0
0,0,0
4,0,0
3,0,0
0,0,0
1,0,0
0,0,0
0,0,0
4,0,0
4,0,0
0,0,0
6,0,0
2,0,0
2,0,0
0,0,0
20,0,0
0,0,0
2,0,0
4,0,0
0,0,0
0,0,0
0,0,0
0,0,0
0,0,0
1,0,0
40,0,0
1,0,0
1,0,0
0,0,0
9,0,0
0,0,0
0,0,0
0,0,0
0,0,0
3,0,0
0,0,0
0,0,0
0,0,0
1,0,0
0,0,0
1,0,0
2,0,0
32,1,0
0,0,0
0,0,0
0,0,0
0,0,0
1,0,0
1,0,0
2,0,0
2,0,0
0,0,0
0,0,0
0,0,0
9,0,0
14,0,0
2,0,0
0,0,0
1,0,0
4,0,0
1,0,0
4,1,0
0,0,0
7,0,0
0,0,0
0,0,0
4,0,0
0,0,0
2,0,0
0,0,0
126,4,0
1,0,0
0,0,0
13,3,0
0,0,0
0,0,0
14,0,0
0,0,0
0,0,0
0,0,0
0,0,0
0,0,0
0,0,0
8,2,0
0,0,0
0,0,0
0,0,0
0,0,0
0,0,0
0,0,0
2,0,0
1,0,0
3,0,0
0,0,0
0,0,0
0,0,0
0,0,0
0,0,0
0,0,0
18,0,0
0,0,0
3,0,0
0,0,0
0,0,0
0,0,0
0,0,0
27,0,0
5,0,0
3,0,0
0,0,0
16,0,0
1,0,0
3,0,0
0,0,0
0,0,0
0,0,0
2,0,0
1,0,0
4,0,0
1,0,0
0,0,0
0,0,0
8,0,0
0,0,0
79,2,0
1,0,0
0,0,0
1,0,0
17,0,0
1,0,0
0,0,0
1,0,0
0,0,0
0,0,0
0,0,0
0,0,0
5,0,0
0,0,0
0,0,0
0,0,0
0,0,0
1,0,0
39,0,0
38,1,0
0,0,0
0,0,0
0,0,0
0,0,0
1,0,0
2,0,0
3,0,0
17,0,0
0,0,0
1,0,0
1,0,0
5,0,0
2,0,0
0,0,0
0,0,0
3,0,0
0,0,0
0,0,0
0,0,0
0,0,0
0,0,0
0,0,0
0,0,0
71,1,0
0,0,0
1,0,0
0,0,0
922,9,0
0,0,0
0,0,0
0,0,0
0,0,0
0,0,0
0,0,0
4,0,0
0,0,0
2,0,0
0,0,0
3,0,0
0,0,0
0,0,0
0,0,0
0,0,0
0,0,0
0,0,0
0,0,0
9,0,0
0,0,0
3,0,0
0,0,0
0,0,0
4,0,0
1,0,0
2,0,0
1,0,0
0,0,0
0,0,0
0,0,0
0,0,0
2,0,0
0,0,0
0,0,0
0,0,0
0,0,0
0,0,0
0,0,0
0,0,0
0,0,0
1,0,0
0,0,0
0,0,0
0,0,0
0,0,0
0,0,0
0,0,0
0,0,0
0,0,0
1,1,0
0,0,0
2,0,0
2,0,0
1,0,0
0,0,0
66,0,0
1,0,0
3,0,0
12,0,0
2,0,0
0,0,0
0,0,0
0,0,0
0,0,0
0,0,0
0,0,0
0,0,0
0,0,0
0,0,0
1,0,0
0,0,0
149,1,0
0,0,0
0,0,0
0,0,0
18,0,0
0,0,0
0,0,0
0,0,0
0,0,0
0,0,0
6,0,0
0,0,0
155,4,0
70,0,0
0,0,0
1,0,0
0,0,0
1,0,0
7,0,0
1,0,0
2,0,0
164,2,0
1,0,0
0,0,0
11,0,0
0,0,0
0,0,0
29,1,0
2,0,0
0,0,0
1,0,0
0,0,0
0,0,0
0,0,0
0,0,0
0,0,0
5,0,0
0,0,0
0,0,0
75,0,0
1,0,0
0,0,0
0,0,0
0,0,0
1,0,0
23,0,0
1,0,0
1,0,0
0,0,0
0,0,0
0,0,0
0,0,0
0,0,0
0,0,0
0,0,0
2,0,0
0,0,0
2,1,0
0,0,0
1,0,0
7,0,0
0,0,0
54,0,0
0,0,0
0,0,0
0,0,0
0,0,0
0,0,0
30,0,0
148,0,0
0,0,0
10,0,0
2,0,0
0,0,0
0,0,0
0,0,0
0,0,0
0,0,0
0,0,0
0,0,0
0,0,0
0,0,0
0,0,0
5,0,0
0,0,0
1,0,0
0,0,0
0,0,0
120,2,0
0,0,0
0,0,0
0,0,0
0,0,0
0,0,0
2,0,0
0,0,0
2,0,0
0,0,0
10,0,0
0,0,0
0,0,0
0,0,0
0,0,0
0,0,0
2,0,0
64,6,0
48,0,0
7,0,0
0,0,0
8,0,0
0,0,0
0,0,0
34,0,0
0,0,0
1,0,0
0,0,0
1,0,0
2,0,0
0,0,0
0,0,0
95,0,0
1,0,0
6,0,0
0,0,0
0,0,0
1,0,0
0,0,0
1,0,0
0,0,0
1,0,0
0,0,0
41,0,0
100,1,0
50,1,0
0,0,0
2,0,0
92,1,0
2,1,0
43,2,0
0,0,0
0,0,0
1,0,0
2,0,0
4,0,0
0,0,0
0,0,0
0,0,0
0,0,0
0,0,0
0,0,0
1,0,0
0,0,0
0,0,0
0,0,0
0,0,0
0,0,0
2,0,0
0,0,0
2,0,0
69,3,0
9,0,0
3,0,0
0,0,0
0,0,0
0,0,0
4,0,0
0,0,0
2,0,0
0,0,0
0,0,0
0,0,0
3,0,0
0,0,0
6,0,0
0,0,0
0,0,0
0,0,0
0,0,0
1,0,0
0,0,0
0,0,0
1,0,0
87,0,0
1,1,0
3,0,0
0,0,0
9,0,0
0,0,0
73,0,0
273,4,0
3,0,0
0,0,0
0,0,0
0,0,0
0,0,0
0,0,0
2,0,0
0,0,0
7,0,0
43,1,0
0,0,0
270,6,0
0,0,0
2,0,0
0,0,0
0,0,0
1,0,0
0,0,0
0,0,0
1,0,0
0,0,0
0,0,0
10,0,0
0,0,0
0,0,0
10,1,0
0,0,0
1,0,0
1,0,0
15,1,0
0,0,0
1,0,0
2,0,0
1,0,0
0,0,0
0,0,0
0,0,0
0,0,0
3,0,0
0,0,0
0,0,0
0,0,0
3,0,0
2,0,0
0,0,0
3,1,0
0,0,0
10,1,0
3,0,0
0,0,0
0,0,0
0,0,0
0,0,0
1,0,0
0,0,0
16,1,0
0,0,0
0,0,0
0,0,0
0,0,0
11,0,0
7,0,0
12,0,0
29,0,0
0,0,0
0,0,0
1,0,0
0,0,0
0,0,0
0,0,0
0,0,0
0,0,0
4,0,0
0,0,0
1,0,0
2,0,0
0,0,0
0,0,0
6,0,0
3,0,0
0,0,0
0,0,0
0,0,0
4,0,0
44,2,0
1,0,0
1,0,0
0,0,0
2,0,0
1,0,0
5,0,0
0,0,0
4,0,0
0,0,0
0,0,0
0,0,0
0,0,0
0,0,0
0,0,0
0,0,0
10,0,0
6,0,0
0,0,0
0,0,0
0,0,0
145,2,0
0,0,0
0,0,0
0,0,0
1,0,0
0,0,0
0,0,0
0,0,0
1,0,0
0,0,0
1,0,0
0,0,0
0,0,0
0,0,0
10,0,0
1,0,0
18,0,0
0,0,0
8,0,0
0,0,0
0,0,0
0,0,0
0,0,0
0,0,0
9,0,0
0,0,0
3,0,0
2,0,0
0,0,0
0,0,0
4,0,0
0,0,0
0,0,0
2,0,0
0,0,0
23,0,0
1,0,0
0,0,0
0,0,0
1,0,0
2,0,0
0,0,0
1,0,0
0,0,0
0,0,0
0,0,0
0,0,0
0,0,0
0,0,0
0,0,0
0,0,0
0,0,0
0,0,0
0,0,0
1,0,0
0,0,0
0,0,0
0,0,0
13,0,0
2,0,0
4,0,0
0,0,0
0,0,0
0,0,0
0,0,0
0,0,0
2,0,0
0,0,0
0,0,0
5,0,0
0,0,0
0,0,0
0,0,0
0,0,0
1,0,0
15,0,0
2,0,0
0,0,0
0,0,0
0,0,0
2,0,0
0,0,0
0,0,0
0,0,0
1,0,0
0,0,0
3,0,0
2,0,0
0,0,0
0,0,0
1,0,0
0,0,0
0,0,0
0,0,0
0,0,0
0,0,0
1,0,0
0,0,0
23,1,0
0,0,0
0,0,0
1,0,0
0,0,0
0,0,0
0,0,0
0,0,0
1,0,0
0,0,0
2,0,0
0,0,0
0,0,0
0,0,0
0,0,0
1,0,0
0,0,0
0,0,0
0,0,0
1,0,0
0,0,0
0,0,0
1,0,0
0,0,0
0,0,0
17,0,0
2,0,0
0,0,0
1,0,0
0,0,0
4,0,0
0,0,0
0,0,0
0,0,0
0,0,0
31,0,0
0,0,0
2,0,0
0,0,0
1,0,0
0,0,0
2,0,0
0,0,0
2,0,0
0,0,0
0,0,0
0,0,0
0,0,0
0,0,0
2,0,0
0,0,0
11,0,0
0,0,0
28,0,0
0,0,0
34,1,0
0,0,0
0,0,0
0,0,0
0,0,0
0,0,0
0,0,0
0,0,0
10,0,0
0,0,0
0,0,0
3,0,0
0,0,0
0,0,0
18,0,0
0,0,0
0,0,0
0,0,0
2,0,0
26,0,0
12,0,0
0,0,0
0,0,0
15,0,0
6,0,0
0,0,0
0,0,0
0,0,0
0,0,0
0,0,0
2,0,0
2,0,0
0,0,0
0,0,0
4,1,0
1,0,0
0,0,0
0,0,0
0,0,0
2,0,0
0,0,0
0,0,0
0,0,0
0,0,0
0,0,0
0,0,0
0,0,0
0,0,0
2,0,0
0,0,0
1,0,0
2,0,0
0,0,0
0,0,0
0,0,0
5,0,0
0,0,0
0,0,0
0,0,0
8,0,0
0,0,0
0,0,0
0,0,0
0,0,0
78,1,0
0,0,0
3,0,0
8,0,0
21,0,0
0,0,0
0,0,0
0,0,0
0,0,0
1,0,0
0,0,0
0,0,0
61,2,0
0,0,0
0,0,0
0,0,0
0,0,0
0,0,0
3,0,0
0,0,0
0,0,0
7,0,0
0,0,0
0,0,0
1,0,0
0,0,0
0,0,0
0,0,0
2,0,0
2,0,0
0,0,0
0,0,0
8,0,0
0,0,0
89,0,0
11,0,0
0,0,0
9,0,0
0,0,0
0,0,0
1,0,0
0,0,0
1,0,0
0,0,0
0,0,0
0,0,0
3,0,0
5,0,0
1,0,0
0,0,0
0,0,0
0,0,0
0,0,0
0,0,0
2,0,0
1,0,0
0,0,0
2,0,0
0,0,0
0,0,0
75,0,0
16,1,0
0,0,0
24,0,0
1,0,0
0,0,0
0,0,0
3,0,0
0,0,0
1,0,0
0,0,0
6,0,0
0,0,0
0,0,0
0,0,0
41,0,0
0,0,0
1,0,0
0,0,0
0,0,0
0,0,0
0,0,0
0,0,0
16,0,0
0,0,0
0,0,0
0,0,0
1,0,0
1,0,0
0,0,0
1,0,0
0,0,0
0,0,0
6,0,0
0,0,0
26,0,0
0,0,0
0,0,0
0,0,0
0,0,0
0,0,0
190,1,0
0,0,0
0,0,0
0,0,0
1,0,0
2,0,0
0,0,0
0,0,0
1,0,0
0,0,0
0,0,0
18,0,0
0,0,0
0,0,0
0,0,0
1,0,0
0,0,0
0,0,0
1,0,0
0,0,0
3,0,0
10,0,0
0,0,0
0,0,0
6,0,0
3,0,0
10,0,0
0,0,0
12,0,0
0,0,0
0,0,0
0,0,0
0,0,0
0,0,0
8,0,0
0,0,0
0,0,0
0,0,0
0,0,0
0,0,0
0,0,0
0,0,0
0,0,0
0,0,0
25,1,0
1,0,0
0,0,0
0,0,0
3,0,0
0,0,0
0,0,0
1,0,0
0,0,0
0,0,0
1,0,0
0,0,0
1,0,0
0,0,0
0,0,0
1,0,0
0,0,0
0,0,0
1,0,0
1,0,0
7,0,0
10,1,0
1,0,0
0,0,0
1,0,0
2,0,0
0,0,0
0,0,0
0,0,0
1,0,0
0,0,0
34,2,0
0,0,0
0,0,0
0,0,0
0,0,0
0,0,0
1,0,0
1,0,0
0,0,0
0,0,0
0,0,0
0,0,0
86,0,0
21,0,0
55,0,0
0,0,0
0,0,0
0,0,0
0,0,0
0,0,0
0,0,0
0,0,0
33,1,0
252,5,0
0,0,0
0,0,0
0,0,0
0,0,0
1,0,0
0,0,0
0,0,0
0,0,0
0,0,0
3,0,0
6,0,0
6,0,0
3,0,0
2,0,0
0,0,0
0,0,0
0,0,0
1,0,0
0,0,0
0,0,0
0,0,0
1,0,0
0,0,0
0,0,0
0,0,0
1,0,0
0,0,0
0,0,0
0,0,0
12,1,0
35,0,0
32,1,0
0,0,0
1,0,0
0,0,0
0,0,0
2,0,0
0,0,0
3,0,0
0,0,0
0,0,0
0,0,0
1,0,0
0,0,0
0,0,0
0,0,0
1,0,0
0,0,0
0,0,0
1,0,0
0,0,0
0,0,0
3,0,0
0,0,0
0,0,0
0,0,0
3,0,0
0,0,0
18,0,0
0,0,0
3,0,0
17,0,0
0,0,0
3,0,0
0,0,0
5,0,0
0,0,0
0,0,0
0,0,0
0,0,0
3,0,0
4,0,0
1,0,0
0,0,0
4,0,0
12,0,0
6,0,0
0,0,0
28,1,0
7,0,0
0,0,0
5,0,0
0,0,0
12,0,0
0,0,0
54,1,0
6,0,0
0,0,0
0,0,0
0,0,0
0,0,0
0,0,0
0,0,0
0,0,0
1170,87,0
0,0,0
0,0,0
0,0,0
0,0,0
0,0,0
0,0,0
0,0,0
0,0,0
0,0,0
0,0,0
0,0,0
0,0,0
0,0,0
18,0,0
4,0,0
0,0,0
1,0,0
0,0,0
4,0,0
0,0,0
0,0,0
0,0,0
0,0,0
1,0,0
0,0,0
2,0,0
1,0,0
12,0,0
0,0,0
0,0,0
0,0,0
6,0,0
0,0,0
1,0,0
0,0,0
5,0,0
0,0,0
0,0,0
0,0,0
0,0,0
0,0,0
2,0,0
2,0,0
0,0,0
0,0,0
0,0,0
7,0,0
0,0,0
0,0,0
0,0,0
9,0,0
5,0,0
1,0,0
0,0,0
15,0,0
0,0,0
0,0,0
9,0,0
96,0,0
10,0,0
0,0,0
0,0,0
0,0,0
8,0,0
0,0,0
0,0,0
0,0,0
0,0,0
0,0,0
1,0,0
3,0,0
1,0,0
1,0,0
0,0,0
1,0,0
0,0,0
2,0,0
5,0,0
7,0,0
0,0,0
0,0,0
0,0,0
4,1,0
0,0,0
0,0,0
0,0,0
6,0,0
34,0,0
0,0,0
0,0,0
0,0,0
0,0,0
0,0,0
3,0,0
0,0,0
0,0,0
0,0,0
2,0,0
0,0,0
1,0,0
0,0,0
1,0,0
0,0,0
0,0,0
0,0,0
2,0,0
0,0,0
0,0,0
0,0,0
0,0,0
0,0,0
0,0,0
1,0,0
1,0,0
1,0,0
5,0,0
3,0,0
19,0,0
0,0,0
30,2,0
16,0,0
0,0,0
0,0,0
0,0,0
8,0,0
1,0,0
2,0,0
0,0,0
2,0,0
1,0,0
9,0,0
25,1,0
0,0,0
0,0,0
0,0,0
6,1,0
0,0,0
0,0,0
0,0,0
0,0,0
0,0,0
0,0,0
0,0,0
0,0,0
0,0,0
2,0,0
0,0,0
3,0,0
17,1,0
0,0,0
0,0,0
0,0,0
0,0,0
1,0,0
1,0,0
1,0,0
0,0,0
2,0,0
0,0,0
1,0,0
0,0,0
0,0,0
0,0,0
2,0,0
5,0,0
0,0,0
4,0,0
0,0,0
0,0,0
3,0,0
0,0,0
0,0,0
1,0,0
0,0,0
0,0,0
0,0,0
1,0,0
1,0,0
0,0,0
0,0,0
0,0,0
6,0,0
2,0,0
0,0,0
20,1,0
0,0,0
13,0,0
0,0,0
0,0,0
1,0,0
0,0,0
5,0,0
9,0,0
0,0,0
2,0,0
0,0,0
0,0,0
2,0,0
0,0,0
0,0,0
0,0,0
0,0,0
0,0,0
1,0,0
1,0,0
0,0,0
0,0,0
0,0,0
24,0,0
0,0,0
536,7,0
1,0,0
15,0,0
0,0,0
2,0,0
0,0,0
0,0,0
0,0,0
0,0,0
8,0,0
6,0,0
9,0,0
0,0,0
10,1,0
0,0,0
2,0,0
0,0,0
0,0,0
10,0,0
0,0,0
1,0,0
0,0,0
0,0,0
0,0,0
2,0,0
1,0,0
0,0,0
0,0,0
0,0,0
175,2,0
0,0,0
0,0,0
0,0,0
0,0,0
0,0,0
0,0,0
0,0,0
3,0,0
21,0,0
0,0,0
0,0,0
1,0,0
2,0,0
2,0,0
2,0,0
0,0,0
2,0,0
0,0,0
11,0,0
0,0,0
1,0,0
0,0,0
1,0,0
0,0,0
1,0,0
0,0,0
0,0,0
0,0,0
0,0,0
0,0,0
0,0,0
23,0,0
0,0,0
0,0,0
0,0,0
0,0,0
15,1,0
0,0,0
0,0,0
1,0,0
0,0,0
139,2,0
0,0,0
38,0,0
0,0,0
1,0,0
0,0,0
4,0,0
0,0,0
0,0,0
82,3,0
0,0,0
0,0,0
0,0,0
1,0,0
0,0,0
3,0,0
30,1,0
0,0,0
1,0,0
0,0,0
0,0,0
0,0,0
0,0,0
0,0,0
0,0,0
0,0,0
0,0,0
0,0,0
0,0,0
0,0,0
0,0,0
0,0,0
3,0,0
0,0,0
0,0,0
0,0,0
2,0,0
4,0,0
0,0,0
1,0,0
8,0,0
0,0,0
0,0,0
0,0,0
0,0,0
0,0,0
0,0,0
0,0,0
1,0,0
0,0,0
0,0,0
4,1,0
0,0,0
0,0,0
9,0,0
6,0,0
1,0,0
0,0,0
1,0,0
0,0,0
2,0,0
0,0,0
0,0,0
0,0,0
0,0,0
0,0,0
0,0,0
0,0,0
0,0,0
0,0,0
0,0,0
12,0,0
0,0,0
0,0,0
0,0,0
0,0,0
0,0,0
0,0,0
2,0,0
7,1,0
0,0,0
0,0,0
16,0,0
0,0,0
2,0,0
0,0,0
0,0,0
0,0,0
0,0,0
0,0,0
0,0,0
0,0,0
0,0,0
0,0,0
97,0,0
1,0,0
0,0,0
15,0,0
1,0,0
0,0,0
0,0,0
0,0,0
0,0,0
0,0,0
0,0,0
1,0,0
1,0,0
0,0,0
0,0,0
1,0,0
0,0,0
0,0,0
0,0,0
50,0,0
0,0,0
0,0,0
1,0,0
2,0,0
0,0,0
0,0,0
4,0,0
5,0,0
0,0,0
1,0,0
0,0,0
17,0,0
278,0,0
8,0,0
232,1,0
210,0,0
0,0,0
5,0,0
1,0,0
0,0,0
2,0,0
0,0,0
0,0,0
0,0,0
1,0,0
0,0,0
0,0,0
0,0,0
204,3,0
0,0,0
0,0,0
0,0,0
0,0,0
0,0,0
0,0,0
0,0,0
5,0,0
0,0,0
0,0,0
0,0,0
3,0,0
0,0,0
0,0,0
2,0,0
0,0,0
0,0,0
2,0,0
0,0,0
0,0,0
0,0,0
1,0,0
238,3,0
1,0,0
0,0,0
2,0,0
0,0,0
0,0,0
2,0,0
1,0,0
1,0,0
1,0,0
0,0,0
0,0,0
7,0,0
2,0,0
0,0,0
81,2,0
0,0,0
43,1,0
2,0,0
0,0,0
0,0,0
0,0,0
1,0,0
14,1,0
0,0,0
4,0,0
0,0,0
0,0,0
0,0,0
0,0,0
0,0,0
0,0,0
2,0,0
94,1,0
1,0,0
0,0,0
3,0,0
1,0,0
7,0,0
136,1,0
3,0,0
19,0,0
0,0,0
0,0,0
1,0,0
1,0,0
0,0,0
2,0,0
0,0,0
0,0,0
0,0,0
0,0,0
0,0,0
2,0,0
1,0,0
0,0,0
1,0,0
0,0,0
0,0,0
0,0,0
0,0,0
0,0,0
0,0,0
0,0,0
2,0,0
177,1,0
0,0,0
0,0,0
0,0,0
0,0,0
0,0,0
7,0,0
0,0,0
0,0,0
0,0,0
6,0,0
2,0,0
21,1,0
0,0,0
0,0,0
0,0,0
3,0,0
2,0,0
1,0,0
0,0,0
1,0,0
0,0,0
0,0,0
0,0,0
0,0,0
2,0,0
1,0,0
1,0,0
2442,4,0
2,0,0
1,0,0
25,0,0
0,0,0
1,0,0
0,0,0
0,0,0
0,0,0
1,0,0
0,0,0
0,0,0
0,0,0
0,0,0
2,0,0
44,0,0
4,0,0
41,0,0
0,0,0
4,0,0
0,0,0
12305,99,0
1,0,0
1,0,0
9,0,0
2,1,0
0,0,0
4,0,0
0,0,0
0,0,0
0,0,0
0,0,0
0,0,0
9,0,0
0,0,0
0,0,0
3,0,0
0,0,0
1,0,0
0,0,0
1,0,0
0,0,0
0,0,0
0,0,0
0,0,0
82,0,0
5,0,0
0,0,0
0,0,0
1,0,0
23,2,0
0,0,0
0,0,0
0,0,0
0,0,0
0,0,0
0,0,0
0,0,0
0,0,0
0,0,0
0,0,0
1,0,0
0,0,0
0,0,0
329,4,0
0,0,0
144,1,0
0,0,0
0,0,0
3,0,0
2,0,0
0,0,0
0,0,0
0,0,0
0,0,0
0,0,0
0,0,0
0,0,0
0,0,0
14,0,0
0,0,0
0,0,0
0,0,0
29,0,0
0,0,0
5,0,0
1,0,0
1,0,0
0,0,0
16,0,0
0,0,0
5,0,0
0,0,0
53,0,0
3,0,0
4,0,0
0,0,0
125,0,0
48,2,0
0,0,0
389,0,0
6,0,0
1,0,0
3,0,0
0,0,0
8,0,0
0,0,0
567,20,0
0,0,0
2,0,0
0,0,0
0,0,0
0,0,0
0,0,0
25,0,0
0,0,0
0,0,0
0,0,0
2,0,0
0,0,0
0,0,0
0,0,0
3,0,0
1,0,0
0,0,0
11,0,0
0,0,0
0,0,0
0,0,0
0,0,0
9,1,0
0,0,0
4,0,0
89,0,0
13,0,0
2,0,0
0,0,0
1,0,0
0,0,0
0,0,0
0,0,0
5,0,0
0,0,0
14,1,0
0,0,0
0,0,0
0,0,0
89,3,0
0,0,0
0,0,0
0,0,0
2,0,0
0,0,0
1,0,0
0,0,0
1,0,0
0,0,0
1,0,0
0,0,0
14,1,0
1,0,0
141,0,0
0,0,0
5,0,0
0,0,0
0,0,0
0,0,0
3,1,0
0,0,0
3,0,0
3,0,0
12,0,0
0,0,0
0,0,0
0,0,0
0,0,0
0,0,0
0,0,0
0,0,0
0,0,0
1,1,0
3,0,0
3,0,0
0,0,0
0,0,0
0,0,0
0,0,0
0,0,0
0,0,0
0,0,0
0,0,0
0,0,0
1,0,0
1,0,0
0,0,0
0,0,0
2,0,0
0,0,0
0,0,0
0,0,0
0,0,0
0,0,0
0,0,0
0,0,0
0,0,0
175,0,0
0,0,0
0,0,0
0,0,0
0,0,0
0,0,0
0,0,0
0,0,0
2,0,0
1,0,0
0,0,0
1,0,0
0,0,0
2,0,0
126,1,0
3,0,0
0,0,0
0,0,0
0,0,0
0,0,0
0,0,0
0,0,0
4,0,0
0,0,0
0,0,0
3,0,0
24,0,0
17,0,0
0,0,0
41,0,0
0,0,0
0,0,0
16,0,0
6,0,0
0,0,0
0,0,0
0,0,0
12,1,0
8,0,0
1,0,0
0,0,0
0,0,0
0,0,0
0,0,0
0,0,0
32,0,0
0,0,0
0,0,0
3,0,0
0,0,0
1,0,0
13,0,0
4,0,0
12,0,0
0,0,0
0,0,0
0,0,0
0,0,0
3,0,0
0,0,0
0,0,0
0,0,0
0,0,0
1,0,0
1,0,0
1,0,0
0,0,0
0,0,0
0,0,0
2,0,0
0,0,0
0,0,0
0,0,0
0,0,0
1,0,0
0,0,0
2,0,0
1,0,0
0,0,0
2,0,0
0,0,0
0,0,0
0,0,0
0,0,0
1,0,0
0,0,0
0,0,0
0,0,0
0,0,0
0,0,0
0,0,0
0,0,0
0,0,0
0,0,0
0,0,0
1,0,0
0,0,0
47,1,0
18,0,0
0,0,0
52,0,0
0,0,0
3,0,0
61,0,0
0,0,0
0,0,0
0,0,0
3,0,0
1,0,0
0,0,0
0,0,0
2,0,0
0,0,0
0,0,0
1,0,0
0,0,0
31,0,0
0,0,0
6,0,0
1,0,0
0,0,0
1,0,0
0,0,0
0,0,0
0,0,0
0,0,0
5,0,0
0,0,0
0,0,0
0,0,0
0,0,0
24,1,0
1,0,0
2,0,0
0,0,0
0,0,0
1,0,0
0,0,0
0,0,0
0,0,0
1,0,0
0,0,0
8,0,0
0,0,0
8,1,0
0,0,0
1,0,0
0,0,0
0,0,0
0,0,0
0,0,0
0,0,0
0,0,0
0,0,0
0,0,0
0,0,0
0,0,0
0,0,0
2,0,0
20,0,0
1,0,0
0,0,0
0,0,0
0,0,0
0,0,0
0,0,0
2,0,0
0,0,0
0,0,0
0,0,0
2,0,0
0,0,0
0,0,0
1,0,0
43,0,0
0,0,0
11,0,0
0,0,0
0,0,0
0,0,0
8,0,0
0,0,0
0,0,0
0,0,0
0,0,0
0,0,0
1,0,0
0,0,0
0,0,0
46,6,0
1,0,0
0,0,0
0,0,0
0,0,0
0,0,0
0,0,0
0,0,0
6,0,0
1,0,0
1,0,0
0,0,0
0,0,0
3,0,0
1,0,0
1,0,0
0,0,0
4,0,0
28,0,0
0,0,0
2,0,0
592,1,0
0,0,0
0,0,0
0,0,0
0,0,0
0,0,0
1,0,0
0,0,0
1,0,0
0,0,0
0,0,0
0,0,0
3,0,0
0,0,0
4,0,0
0,0,0
0,0,0
0,0,0
1,0,0
0,0,0
0,0,0
0,0,0
0,0,0
0,0,0
0,0,0
9,0,0
4,0,0
0,0,0
0,0,0
0,0,0
88,4,0
3,0,0
2,0,0
0,0,0
1,0,0
0,0,0
4,0,0
0,0,0
0,0,0
0,0,0
0,0,0
109,0,0
1,0,0
1,0,0
0,0,0
6,1,0
17,0,0
201,1,0
131,0,0
0,0,0
41,2,0
0,0,0
3,0,0
0,0,0
1,0,0
27,0,0
142,1,0
1,0,0
1,0,0
0,0,0
0,0,0
0,0,0
0,0,0
7,0,0
1,0,0
4,1,0
0,0,0
0,0,0
18,0,0
302,10,0
1,0,0
22,0,0
12,0,0
4,1,0
21,0,0
35,0,0
0,0,0
5,0,0
3,0,0
0,0,0
0,0,0
32,0,0
0,0,0
0,0,0
1,0,0
0,0,0
0,0,0
0,0,0
0,0,0
3,0,0
0,0,0
0,0,0
1,0,0
0,0,0
0,0,0
1,1,0
1,0,0
0,0,0
0,0,0
5,0,0
1,0,0
1,0,0
1,0,0
0,0,0
0,0,0
0,0,0
0,0,0
2,0,0
1,0,0
0,0,0
2,0,0
22,0,0
0,0,0
0,0,0
0,0,0
0,0,0
0,0,0
0,0,0
1,0,0
1,0,0
0,0,0
0,0,0
0,0,0
0,0,0
0,0,0
0,0,0
0,0,0
2,0,0
0,0,0
0,0,0
6,0,0
22,0,0
0,0,0
1,0,0
0,0,0
0,0,0
0,0,0
0,0,0
93,0,0
0,0,0
0,0,0
1,0,0
0,0,0
0,0,0
0,0,0
0,0,0
4,0,0
0,0,0
0,0,0
0,0,0
0,0,0
0,0,0
0,0,0
0,0,0
0,0,0
0,0,0
2,0,0
0,0,0
1,0,0
1,0,0
0,0,0
0,0,0
2,0,0
0,0,0
33,0,0
0,0,0
0,0,0
0,0,0
0,0,0
1,0,0
0,0,0
10,0,0
0,0,0
519,11,0
0,0,0
2,0,0
14,0,0
0,0,0
1,0,0
67,1,0
0,0,0
0,0,0
29,1,0
0,0,0
0,0,0
4,0,0
3,0,0
0,0,0
1,0,0
0,0,0
20,0,0
2,0,0
15,0,0
15,0,0
4,0,0
3,0,0
4,0,0
7,0,0
0,0,0
3,0,0
0,0,0
1,0,0
0,0,0
8,1,0
16,0,0
18,0,0
17,0,0
0,0,0
3,0,0
0,0,0
2,0,0
69,1,0
15,1,0
5,0,0
0,0,0
1,0,0
1,0,0
47,0,0
0,0,0
6,0,0
8,0,0
0,0,0
0,0,0
0,0,0
0,0,0
0,0,0
0,0,0
12,1,0
1,0,0
0,0,0
0,0,0
0,0,0
5,0,0
3,0,0
0,0,0
0,0,0
0,0,0
0,0,0
1,0,0
0,0,0
0,0,0
4,0,0
0,0,0
0,0,0
1,0,0
0,0,0
0,0,0
0,0,0
0,0,0
0,0,0
1,0,0
0,0,0
0,0,0
0,0,0
0,0,0
1,0,0
3,0,0
0,0,0
0,0,0
154,1,0
1458,13,0
1,0,0
0,0,0
0,0,0
1,0,0
12,0,0
0,0,0
2,0,0
0,0,0
0,0,0
7,0,0
28,0,0
65,0,0
0,0,0
34,0,0
0,0,0
8,0,0
2,0,0
4,0,0
2,0,0
0,0,0
0,0,0
0,0,0
18,0,0
15,0,0
0,0,0
0,0,0
0,0,0
0,0,0
0,0,0
0,0,0
0,0,0
0,0,0
0,0,0
0,0,0
0,0,0
1,0,0
0,0,0
1,0,0
1,0,0
1,0,0
3,0,0
1,0,0
3,0,0
3,0,0
57,1,0
1,0,0
1,0,0
0,0,0
0,0,0
0,0,0
0,0,0
0,0,0
0,0,0
0,0,0
0,0,0
0,0,0
0,0,0
0,0,0
0,0,0
0,0,0
14,0,0
2,0,0
0,0,0
0,0,0
2,0,0
0,0,0
2,0,0
0,0,0
0,0,0
0,0,0
0,0,0
0,0,0
0,0,0
0,0,0
0,0,0
11,0,0
2,0,0
0,0,0
0,0,0
1,0,0
0,0,0
9,0,0
2,0,0
1,0,0
6,0,0
0,0,0
0,0,0
0,0,0
0,0,0
0,0,0
16,2,0
0,0,0
15,0,0
2,0,0
0,0,0
0,0,0
0,0,0
0,0,0
0,0,0
0,0,0
1,0,0
0,0,0
79,0,0
0,0,0
0,0,0
0,0,0
0,0,0
0,0,0
0,0,0
0,0,0
0,0,0
0,0,0
4,0,0
0,0,0
3,0,0
2,0,0
16,0,0
11,1,0
2,0,0
0,0,0
1,0,0
0,0,0
9,0,0
2,0,0
1,0,0
1,0,0
1,0,0
0,0,0
0,0,0
0,0,0
0,0,0
0,0,0
18,0,0
2,0,0
3,0,0
1,0,0
0,1,0
45,10,0
63,0,0
56,0,0
15,0,0
11,0,0
5,0,0
53,7,0
1,0,0
4,0,0
1,0,0
89,0,0
23,0,0
419,9,0
107,36,0
5,0,0
54,0,0
0,3,0
145,0,0
4,0,0
0,0,0
1,0,0
0,0,0
0,0,0
0,0,0
0,0,0
0,0,0
0,0,0
0,0,0
1,0,0
189,0,0
0,0,0
13,0,0
1,0,0
1,0,0
0,0,0
0,0,0
0,0,0
0,0,0
0,0,0
0,0,0
0,0,0
0,0,0
11,0,0
0,0,0
0,0,0
0,0,0
0,0,0
1,0,0
0,0,0
0,0,0
3,0,0
0,0,0
0,0,0
0,0,0
0,0,0
1,0,0
1,0,0
1,0,0
0,0,0
30,1,0
0,0,0
0,0,0
0,0,0
0,0,0
0,0,0
0,0,0
0,0,0
2,0,0
0,0,0
0,0,0
17,0,0
16,0,0
0,0,0
0,0,0
1,0,0
0,0,0
0,0,0
0,0,0
0,0,0
52,0,0
0,0,0
0,0,0
3,0,0
0,0,0
1,0,0
0,0,0
1,0,0
0,0,0
1,0,0
0,0,0
0,0,0
2,0,0
9,0,0
0,0,0
0,0,0
3,0,0
1,0,0
3,0,0
0,0,0
0,0,0
0,0,0
0,0,0
0,0,0
0,0,0
4,0,0
0,0,0
0,0,0
12,0,0
1,0,0
0,0,0
5,0,0
0,0,0
0,0,0
0,0,0
0,0,0
11,0,0
0,0,0
2,0,0
0,0,0
0,0,0
1,0,0
5,0,0
0,0,0
0,0,0
1,0,0
0,0,0
1,0,0
1,0,0
3,0,0
0,0,0
0,0,0
2,1,0
0,0,0
2,0,0
10,0,0
4,0,0
0,0,0
0,0,0
1,0,0
0,0,0
1,0,0
2,0,0
69,1,0
7,0,0
9,0,0
6,0,0
0,0,0
5,0,0
3,0,0
0,0,0
15,0,0
0,0,0
25,0,0
42,0,0
2,0,0
0,0,0
31,0,0
0,0,0
0,0,0
0,0,0
0,0,0
1,0,0
0,0,0
0,0,0
638,8,0
0,0,0
0,0,0
0,0,0
3,0,0
1,0,0
0,0,0
3,0,0
0,0,0
0,0,0
0,0,0
0,0,0
1,0,0
4,0,0
8,0,0
0,0,0
0,0,0
0,0,0
3,1,0
1,0,0
0,0,0
0,0,0
0,0,0
50,2,0
1,0,0
0,0,0
5,1,0
0,0,0
0,0,0
2894,0,0
6,0,0
0,0,0
0,0,0
0,0,0
1,0,0
1,0,0
48,2,0
0,0,0
0,0,0
0,0,0
0,0,0
0,0,0
1,0,0
0,0,0
0,0,0
0,0,0
0,0,0
0,0,0
1,0,0
2,0,0
0,0,0
0,0,0
2,0,0
0,0,0
0,0,0
5,0,0
4,0,0
0,0,0
0,0,0
0,0,0
0,0,0
0,0,0
0,0,0
0,0,0
3,0,0
24,1,0
0,0,0
0,0,0
0,0,0
0,0,0
5,1,0
1,0,0
53,0,0
14,0,0
0,0,0
4,0,0
6,0,0
0,0,0
0,0,0
2,0,0
5,0,0
12,1,0
0,0,0
0,0,0
5,0,0
0,0,0
5,0,0
1,0,0
0,0,0
0,0,0
2,0,0
0,0,0
0,0,0
0,0,0
0,0,0
2,0,0
0,0,0
0,0,0
1,0,0
2,0,0
2,0,0
0,0,0
1,0,0
0,0,0
0,0,0
0,0,0
2,0,0
42,0,0
3,0,0
0,0,0
0,0,0
0,0,0
0,0,0
3,0,0
0,0,0
0,0,0
16,1,0
2,1,0
0,0,0
0,0,0
0,0,0
0,0,0
16,0,0
0,0,0
0,0,0
6,0,0
0,0,0
0,0,0
0,0,0
3,0,0
1,0,0
0,0,0
0,0,0
6,0,0
0,0,0
6,1,0
12,0,0
0,0,0
10,0,0
7,0,0
5,1,0
0,0,0
3,0,0
0,0,0
2,0,0
1,0,0
0,0,0
0,0,0
0,0,0
301,1,0
0,0,0
990,6,984
9,0,1
32,0,0
537,8,401
6,0,0
472,13,0
5,1,0
36,0,0
577,6,570
4,1,0
0,1,0
712,8,567
49,0,0
118,0,23
20,0,6
19874,860,2200
313,1,295
136,2,114
15,0,5
13,0,0
28,1,0
4,0,0
62,1,0
29,1,0
1415,8,1332
254,2,250
146,2,144
168,6,161
319,6,310
484,13,465
1274,22,1250
356,4,100
67800,3153,59882
1018,4,1014
75,1,74
13,0,0
633,0,631
936,1,934
93,1,92
127,2,124
24,0,10
20,0,0
53,1,0
24,0,0
1,0,0
17,0,0
8,0,0
669,6,4
24,0,0
75,0,75
0,0,0
5,0,0
41,0,0
503,6,0
3,0,0
31,2,0
18,0,18
628,4,0
319,0,8
71,0,1
3,0,0
66,0,0
248,3,239
768,7,752
404,4,329
133,0,133
543,3,536
2,0,0
134,0,6
8,0,0
28,0,3
141,3,133
1,0,1
355,0,97
7,0,0
140,1,1
76,3,73
176,2,172
1238,1,1221
40,1,1
104,4,2
230,17,65
133,1,1
3,0,0
3,0,0
266,4,27
235,0,2
4474,21,9
72,1,10
4,0,0
377,2,164
33,3,5
17,0,0
81,0,22
3743,88,401
1,0,0
5,0,0
2,0,0
27,0,0
132,1,2
1924,34,2
91,0,2
201,3,3
99,4,5
3,0,0
87,0,2
56,0,2
3,0,0
1,0,0
746,2,11
277,3,3
4,0,0
36,1,0
158,2,2
25,0,2
315,1,5
40,1,0
116,1,3
1236,1,7
1450,24,1
3,0,0
2,0,0
245,3,3
981,18,3
366,19,68
3,0,0
9,0,0
1,0,0
352,0,4
4,0,0
11,0,0
3,0,0
700,1,10
5,1,0
2,1,0
61,0,8
29056,123,453
27,2,0
695,17,29
1,0,0
20,1,0
4,0,0
20,1,0
6,0,0
1,0,0
27,0,0
167,7,16
588,1,51
499,10,34
579,49,30
23049,1812,8376
266,23,62
1125,6,5
1442,1,41
63927,6077,7432
19,1,2
1128,42,235
127,0,1
62,0,0
16,0,0
8961,111,3166
189,0,30
16,0,0
180,0,1
267,4,8
3,0,0
51,0,0
179,1,1
875,8,6
12,0,0
1518,14,159
13,0,5
107,0,2
2,0,0
36,2,0
316,3,4
109,1,2
23,0,1
10,0,0
27,1,0
143,4,5
1,0,0
4,0,0
2,0,1
4749,213,2
102,0,0
2,0,0
3,0,0
40,1,2
136,2,1
2621,10,6
66,0,17
875,6,13
313,3,1
1,0,0
22,1,0
395,5,1
462,33,18
749,8,13
2060,23,14
501,0,33
576,7,73
438,1,17
36,0,0
3,0,0
1,0,0
187,20,4
562,0,19
79,0,8
249,3,3
7,0,0
509,2,152
186,0,7
442,3,0
1,0,0
402,0,4
35136,2311,3355
97,0,2
2,1,0
5,0,0
2046,25,16
8795,120,131
1,0,0
195,2,28
12,0,0
721,1,52
1,0,0
18,0,0
51,0,0
89,3,1
1529,37,0
9,0,0
73,3,1
198,2,41
6650,335,135
158,0,0
46,0,0
77,0,15
123,0,17
3,0,0
3,1,0
